HUD_ID,PROJECT,PROJ_ADD,PROJ_CTY,PROJ_ST,PROJ_ZIP,STATE_ID,LATITUDE,LONGITUDE,FIPS2010,N_UNITS,LI_UNITS,N_0BR,N_1BR,N_2BR,N_3BR,N_4BR,YR_PIS,YR_ALLOC,TYPE,NONPROG,
"ILA00000013","MILWAUKEE AVENUE APTS","3064 N MILWAUKEE AVE","CHICAGO",IL,"60618","1106313",41.936740875244,-87.72031402587,210501,32,32,0,25,7,0,0,8888,2013,,,
"ILA00000053","ENGLEWOOD APTS","901 W 63RD ST","CHICAGO",IL,"60621","285609",41.779579162597,-87.64720153808,681000,99,99,99,0,0,0,0,8888,8888,1,1,
"ILA00000057","HOLLYWOOD HOUSE","5700 N SHERIDAN RD","CHICAGO",IL,"60660","290808",41.985824584960,-87.65547180175,030604,197,177,88,89,0,0,0,8888,8888,2,1,
"ILA00000059","SENIOR SUITES OF NORWOOD PARK","5700 N HARLEM AVE","CHICAGO",IL,"60631","1067612",41.985134124755,-87.80714416503,100300,84,80,10,63,11,0,0,8888,2012,,,
"ILA00000064","LORINGTON APTS PRESERVATION","3126 W PALMER BLVD","CHICAGO",IL,"60647","243806",41.921638488769,-87.70668029785,221200,54,54,0,3,26,23,2,8888,8888,2,1,
"ILA00000079","VETERANS NEW BEGINNINGS","8132 S RACINE AVE","CHICAGO",IL,"60620","1078612",41.745895385742,-87.65384674072,710700,54,54,54,0,0,0,0,8888,2012,,,
"ILA00000087","SANKOFA HOUSE","3824 W 16TH ST","CHICAGO",IL,"60623","232907",41.859081268310,-87.72087860107,838700,58,58,0,35,11,8,4,8888,8888,1,1,
"ILA00000113","LAWNDALE PLAZA","3158 W ROOSEVELT RD","CHICAGO",IL,"60612","10006",41.866603851318,-87.70489501953,838600,198,198,0,120,12,66,0,9999,2010,,1,
"ILA00000114","PARKVIEW TOWERS APTS","5110 S KING DR","CHICAGO",IL,"60615","1041210",41.801700592041,-87.61639404296,836100,102,102,0,34,34,34,0,9999,2008,,1,
"ILA00000118","BETTENDORF PLACE (CITY OF CHICAGO)","8425 S SAGINAW AVE","CHICAGO",IL,"60617","10005",41.741954803466,-87.55979156494,460301,23,23,23,0,0,0,0,9999,2010,,,
"ILA00000119","BRANCH OF HOPE","5600 S HALSTED ST","CHICAGO",IL,"60621","1016510",41.792411804199,-87.64530944824,834700,100,100,0,100,0,0,0,9999,2010,,,
"ILA19870006","AUSTIN RENAISSANCE","5113 W WASHINGTON BLVD","CHICAGO",IL,"60644","014-87",41.881557464599,-87.75312042236,251800,71,71,3,19,49,0,0,1987,1987,,1,
"ILA19870012","HAZEL-WINTHROP","4927 N KENMORE AVE","CHICAGO",IL,"60640","004-87",41.972007751464,-87.65609741210,031200,30,30,0,0,8,17,0,1987,1987,,,
"ILA19870013","MERRILL COURT APTS","7201 S MERRILL AVE","CHICAGO",IL,"60649","10373-11",41.764392852783,-87.57234191894,430600,40,40,0,18,22,0,0,1987,2011,,1,
"ILA19870019","ROCKWELL APTS","2500 N ROCKWELL ST","CHICAGO",IL,"60647","021-87",41.926685333252,-87.69279479980,220300,10,10,0,10,0,0,0,1987,1987,,1,
"ILA19880028","4142 NORTH KENMORE","4142 N KENMORE AVE","CHICAGO",IL,"60613","028-88",41.957698822021,-87.65642547607,830700,21,21,1,12,8,0,0,1988,1988,,1,
"ILA19880029","4723 NORTH RACINE","4723 N RACINE AVE","CHICAGO",IL,"60640","029-88",41.967571258544,-87.65942382812,830700,42,42,0,30,12,0,0,1988,1988,,1,
"ILA19880035","CONCORDIA PARK APTS","13037 S DANIEL DR","CHICAGO",IL,"60827","033-88",41.658477783203,-87.61531829833,540102,297,297,,,,,,1988,1988,,1,
"ILA19880039","DIVERSEY SQUARE","3212 W DIVERSEY AVE","CHICAGO",IL,"60647","149-88",41.932209014892,-87.70787048339,210602,48,48,0,6,39,3,0,1988,1988,,1,
"ILA19880042","HICA REDEVELOPMENT","5042 W WASHINGTON BLVD","CHICAGO",IL,"60644","055-88",41.881912231445,-87.75134277343,251800,120,120,6,51,48,15,0,1988,1988,,1,
"ILA19880043","JEFFREY APTS","7130 S JEFFERY BLVD","CHICAGO",IL,"60649","047-88",41.765129089355,-87.57649993896,430500,150,150,25,69,51,5,0,1988,1988,,1,
"ILA19880052","LAVERGNE COURTS","4938 W QUINCY ST","CHICAGO",IL,"60644","116-88",41.877826690673,-87.74821472167,252202,158,158,0,57,58,43,0,1988,1988,,1,
"ILA19880071","VICTORY APTS","2705 W EVERGREEN AVE","CHICAGO",IL,"60622","128-88",41.905532836914,-87.69457244873,242600,13,13,0,0,0,0,13,1988,1988,,1,
"ILA19880075","WASHINGTON COURTS APTS","4938 W QUINCY ST","CHICAGO",IL,"60644","136-88",41.877826690673,-87.74821472167,252202,22,22,0,6,9,7,0,1988,1988,,1,
"ILA19880076","WEST TOWN HOUSING PROJECT","1754 N WASHTENAW AVE","CHICAGO",IL,"60647","071-88",41.913692474365,-87.69483184814,240700,178,178,0,0,45,86,47,1988,1988,,1,
"ILA19880077","WHITMORE APTS","421 S CENTRAL AVE","CHICAGO",IL,"60644","026-88",41.874095916748,-87.76438140869,252102,54,54,0,22,23,9,0,1988,1988,,1,
"ILA19890085","301-11 S CENTRAL PARK","301 S CENTRAL AVE","CHICAGO",IL,"60644","273-89",41.876548767089,-87.76451873779,252102,23,23,0,12,6,5,0,1989,1989,,,
"ILA19890088","3502-08 W VAN BUREN","3502 W VAN BUREN ST","CHICAGO",IL,"60624","274-89",41.875602722168,-87.71305084228,271400,13,13,0,6,3,4,0,1989,1989,,1,
"ILA19890091","BOULEVARD COMMONS II","149 N CENTRAL AVE","CHICAGO",IL,"60644","296-89",41.883224487304,-87.76470184326,251900,19,19,0,0,19,0,0,1989,1989,,1,
"ILA19890092","BOULEVARD COMMONS IIA","151 S CENTRAL AVE","CHICAGO",IL,"60644","297-89",41.878185272216,-87.76453399658,252102,42,42,0,22,11,3,6,1989,1989,,1,
"ILA19890100","COLUMBUS PARK APTS","301 S CENTRAL AVE","CHICAGO",IL,"60644","267-89",41.876548767089,-87.76451873779,252102,39,39,0,1,28,10,0,1989,1989,,1,
"ILA19890121","MICHIGAN BEACH APTS","7251 S STH SHR DR","CHICAGO",IL,"60649","236-89",41.764461517334,-87.56098175048,430700,239,239,19,140,60,20,0,1989,1989,,,
"ILA19890125","N&M LUNT WOLCOTT","7001 N WOLCOTT AVE","CHICAGO",IL,"60626","293-89",42.008972167968,-87.67784881591,010701,8,8,0,2,6,0,0,1989,1989,,1,
"ILA19890140","UJAAMA","7655 N BOSWORTH AVE","CHICAGO",IL,"60626","302-89",42.020336151123,-87.66929626464,010100,19,19,0,19,0,0,0,1989,1989,,,
"ILA19900005","46TH & VINCENNES","444 E 46TH ST","CHICAGO",IL,"60653","35290",41.811393737793,-87.61470031738,836000,28,28,0,2,4,12,10,1990,1990,2,,
"ILA19910181","11238-42 S VERNON","11238 S VERNON AVE","CHICAGO",IL,"60628","451-91",41.689926147460,-87.61228942871,491400,18,18,0,18,0,0,0,1991,1991,2,1,
"ILA19910182","2326 E 71ST STREET","2326 E 71ST ST","CHICAGO",IL,"60649","452-91",41.766475677490,-87.568359375,430102,9,9,0,9,0,0,0,1991,1991,2,,
"ILA19910183","4750-58 MICHIGAN","4650 S MICHIGAN AVE","CHICAGO",IL,"60653","440-91",41.810253143310,-87.62307739257,381500,25,25,,,,,,1991,1991,2,1,
"ILA19910184","6933-35 S INDIANA","6933 S INDIANA AVE","CHICAGO",IL,"60637","448-91",41.768318176269,-87.61996459960,690400,13,13,,,,,,1991,1991,2,,
"ILA19910195","N & M FARGO","1617 W FARGO AVE","CHICAGO",IL,"60626","457-91",42.016906738281,-87.67101287841,010202,31,25,,,,,,1991,1991,2,1,
"ILA19910211","VK APTS","6211 S VERNON AVE","CHICAGO",IL,"60637","423-91",41.781757354736,-87.61422729492,420600,24,24,0,1,5,3,15,1991,1991,2,1,
"ILA19920005","45TH & VINCENNES APTS LP","4520 S VINCENNES AVE","CHICAGO",IL,"60653","36591",41.812458038330,-87.61413574218,836000,18,18,0,0,6,9,3,1992,1991,2,1,
"ILA19920025","ADAMS LOCKWOOD APTS","5300 W ADAMS ST","CHICAGO",IL,"60644","52992",41.878612518310,-87.75769042968,252102,12,12,,,,,,1992,1992,2,1,
"ILA19920055","CENTRAL PINE","315 S CENTRAL AVE","CHICAGO",IL,"60644","52692",41.876136779785,-87.76449584960,252102,31,22,0,3,13,6,0,1992,1992,2,,
"ILA19920090","ENGLEWOOD TERRACE APTS","6425 S LOWE AVE","CHICAGO",IL,"60621","367-90",41.777576446533,-87.64058685302,680900,303,303,0,60,158,85,0,1992,1990,2,1,
"ILA19920095","ESTES COURT","1361 W ESTES AVE","CHICAGO",IL,"60626","427-91",42.011447906494,-87.66522979736,010501,72,72,3,57,12,0,0,1992,1991,2,1,
"ILA19920120","JACKSON TERRACE","4900 W JACKSON BLVD","CHICAGO",IL,"60644","42991",41.876926422119,-87.74722290039,252202,29,29,0,8,21,0,0,1992,1991,2,1,
"ILA19920175","CLOVER","3718 S INDIANA AVE","CHICAGO",IL,"60653","472-92",41.826938629150,-87.62188720703,351400,6,6,0,0,0,6,0,1992,1992,2,1,
"ILA19920180","CLOVER","3714 S INDIANA AVE","CHICAGO",IL,"60653","473-92",41.827045440673,-87.62188720703,351400,6,6,0,0,0,6,0,1992,1992,2,1,
"ILA19920215","WINTHROP TERRACE APTS","5734 N WINTHROP AVE","CHICAGO",IL,"60660","360-91",41.986114501953,-87.65830993652,030603,106,106,92,14,0,0,0,1992,1991,2,,
"ILA19920240","DIVERSEY MANOR","3213 W DIVERSEY AVE","CHICAGO",IL,"60647","53392",41.931880950927,-87.70787048339,220602,51,51,0,2,34,15,0,1992,1992,2,,
"ILA19920243","60TH & MICHIGAN REDEVELOPMENT","6001 S MICHIGAN AVE","CHICAGO",IL,"60637","583-92",41.785568237304,-87.62203979492,400800,37,37,0,0,33,4,0,1992,1992,2,1,
"ILA19920273","KIMBALL APTS","3400 W CORTLAND ST","CHICAGO",IL,"60647","549-92",41.915702819824,-87.71188354492,222700,26,26,0,12,11,3,0,1992,1992,2,1,
"ILA19930010","4915 S DREXEL APTS","4915 S DREXEL BLVD","CHICAGO",IL,"60615","587-92",41.805522918701,-87.60361480712,390400,31,7,0,8,17,6,0,1993,1992,2,1,
"ILA19930020","6217-27 S DORCHESTER APTS","6217 S DORCHESTER AVE","CHICAGO",IL,"60637","444-91",41.781837463378,-87.59116363525,420100,25,15,0,0,25,0,0,1993,1991,2,,
"ILA19930065","CENTRAL PINE PLACE II","238 N PINE AVE","CHICAGO",IL,"60644","589-92",41.884826660156,-87.76352691650,251900,68,48,0,22,15,0,0,1993,1992,2,,
"ILA19930090","DOVER GARDENS APTS","4601 N DOVER ST","CHICAGO",IL,"60640","544-92",41.965351104736,-87.66520690917,031700,60,60,0,39,18,3,0,1993,1992,2,,
"ILA19930120","GREENWOOD COURT APT","4443 S GREENWOOD AVE","CHICAGO",IL,"60653","460-91",41.814205169677,-87.59913635253,390200,48,48,0,0,21,21,6,1993,1991,2,1,
"ILA19930160","RIDGE MANOR APTS","5662 N RIDGE AVE","CHICAGO",IL,"60660","432-91",41.984729766845,-87.66223144531,030500,76,76,1,65,6,4,0,1993,1991,2,1,
"ILA19930165","SANGAMON COURT","7000 S SANGAMON ST","CHICAGO",IL,"60621","531-92",41.766956329345,-87.64834594726,681100,31,31,0,1,14,16,0,1993,1992,2,,
"ILA19930175","STEWART COURT","7640 S STEWART AVE","CHICAGO",IL,"60620","532-92",41.755523681640,-87.63463592529,691200,48,48,0,1,31,12,4,1993,1992,2,,
"ILA19930185","BROADMOOR APTS","7600 N BOSWORTH AVE","CHICAGO",IL,"60626","46591",42.019409179687,-87.66973876953,010100,134,134,40,45,44,5,0,1993,1991,2,1,
"ILA19930190","WASHINGTON/LOREL APTS","5313 W WASHINGTON BLVD","CHICAGO",IL,"60644","528-92",41.882186889648,-87.75800323486,251900,19,19,0,0,7,6,6,1993,1992,2,1,
"ILA19930210","SOUTH KING DRIVE APTS","4240 S KING DR","CHICAGO",IL,"60653","42191",41.817745208740,-87.61730194091,835900,8,8,0,0,1,1,6,1993,1991,2,,
"ILA19930215","5530 N WINTHROP","5530 N WINTHROP AVE","CHICAGO",IL,"60640","46692",41.982395172119,-87.658203125,030701,18,18,0,0,11,7,0,1993,1992,2,,
"ILA19930225","BUENA VISTA APTS (CHICAGO)","3038 W N AVE","CHICAGO",IL,"60647","464-91",41.910385131835,-87.70349121093,230100,36,36,24,11,1,0,0,1993,1991,2,,
"ILA19930230","CENTRAL PARK APTS","4501 N CENTRAL PARK AVE","CHICAGO",IL,"60625","65993",41.962917327880,-87.71786499023,140702,45,45,0,26,13,3,3,1993,1993,1,,
"ILA19930255","GRAND BOULEVARD TOWERS","4257 S KING DR","CHICAGO",IL,"60653","20-03-222",41.817264556884,-87.61632537841,380200,30,30,0,0,2,8,20,1993,1993,2,,
"ILA19930275","NEW LIFE ASSOC","4300 W W END AVE","CHICAGO",IL,"60624","43892",41.883438110351,-87.73312377929,260300,39,39,0,0,33,6,0,1993,1992,1,1,
"ILA19930900","METROPOLITAN APTS","5854 S MICHIGAN AVE","CHICAGO",IL,"60637","41491",41.788299560546,-87.62251281738,400500,69,69,3,2,23,29,12,1993,1991,,,
"ILA19940010","41ST & ELLIS APTS","4119 S ELLIS AVE","CHICAGO",IL,"60653","543-92",41.819198608398,-87.60202789306,836400,23,23,0,0,5,10,8,1994,1992,2,,
"ILA19940080","KOLIN COURTS APTS","4321 W ROOSEVELT RD","CHICAGO",IL,"60624","44792",41.865909576416,-87.73326873779,290900,21,21,0,0,19,2,0,1994,1992,2,,
"ILA19940125","RENAISSANCE WEST","2513 W FULLERTON AVE","CHICAGO",IL,"60647","52592",41.924678802490,-87.69036865234,221500,100,100,100,0,0,0,0,1994,1992,1,,
"ILA19940160","COMMERCIAL AVE REVITALIZA","8954 S COMMERCIAL AVE","CHICAGO",IL,"60617","527-92",41.732757568359,-87.55155181884,833900,21,21,0,0,0,3,10,1994,1992,2,,
"ILA19940195","CARROLL NORTH APTS","5740 N WINTHROP AVE","CHICAGO",IL,"60660","58292",41.986217498779,-87.65830993652,030603,44,44,18,18,8,0,0,1994,1992,2,,
"ILA19940225","EAST GARFIELD PARK II LP","3540 W MONROE ST","CHICAGO",IL,"60624","58092",41.879722595214,-87.71449279785,271400,42,42,0,8,11,22,1,1994,1992,2,,
"ILA19940901","THE PAVILION APTS","5441 NE RIVER RD","CHICAGO",IL,"60656","91695",41.978073120117,-87.84635925292,760801,1114,1114,183,636,283,9,3,1994,1994,2,,
"ILA19950065","GERMANO-MILLGATE APTS","8944 S BRANDON AVE","CHICAGO",IL,"60617","TC-895-95",41.732749938964,-87.54725646972,833900,350,350,0,18,162,150,20,1995,1995,2,,
"ILA19950105","KING/ESSEX APTS","5300 S KING DR","CHICAGO",IL,"60615","TC-693-94",41.798389434814,-87.61627197265,400300,83,83,0,0,24,49,0,1995,1994,2,,
"ILA19950130","MAGNOLIA GARDENS","4845 N MAGNOLIA AVE","CHICAGO",IL,"60640","78894",41.970348358154,-87.66087341308,031100,56,56,12,44,0,0,0,1995,1994,2,,
"ILA19950155","PARK APTS","220 E GARFIELD BLVD","CHICAGO",IL,"60615","1034310",41.794914245605,-87.62049865722,400300,120,120,0,9,42,66,3,1995,1994,2,1,
"ILA19960095","GRAND APTS","4750 S FORRESTVILLE AVE","CHICAGO",IL,"60615","TC-835-95",41.808399200439,-87.61289215087,381200,36,36,0,0,2,29,5,1996,1995,2,1,
"ILA19960125","JADE GARDENS APTS","300 W CERMAK RD","CHICAGO",IL,"60616","83395",41.853084564209,-87.63475799560,841100,72,72,0,0,60,12,0,1996,1995,1,,
"ILA19960140","LAWNDALE RESTORATION","3100 W DOUGLAS BLVD","CHICAGO",IL,"60623","IL-TE-94-200",41.863143920898,-87.70318603515,843100,1240,1240,8,101,548,429,154,1996,1994,,,
"ILA19960175","PRESENTATION APTS","801 S SPRINGFIELD AVE","CHICAGO",IL,"60624","TC-831-95",41.870746612548,-87.72269439697,260900,16,16,0,0,4,12,0,1996,1995,2,,
"ILA19960190","SHERIDAN PLAZA","4607 N SHERIDAN RD","CHICAGO",IL,"60640","TC-670-94",41.965618133544,-87.65457916259,031501,140,140,0,66,74,0,0,1996,1994,2,1,
"ILA19960205","MIDWEST ATHLETIC CLUB APTS","6 N HAMLIN BLVD","CHICAGO",IL,"60624","77994",41.881103515625,-87.72100830078,270500,276,276,276,0,0,0,0,1996,1994,2,,
"ILA19960235","WOODLAWN MANOR APTS","6140 S DREXEL AVE","CHICAGO",IL,"60637","79595",41.783233642578,-87.60459136962,420400,86,86,0,17,32,36,1,1996,1995,2,,
"ILA19960285","MAPLE POINT APTS (CORNERSTONE HOUSE)","150 W MAPLE ST","CHICAGO",IL,"60610","81694",41.901996612548,-87.63307952880,081000,342,342,0,342,0,0,0,1996,1994,1,,
"ILA19960290","SHERIDAN PARK APTS","4536 N MAGNOLIA AVE","CHICAGO",IL,"60640","TC-95-870",41.964218139648,-87.66120910644,031700,102,102,56,24,22,0,0,1996,1995,2,1,
"ILA19970015","ANCHOR HOUSE","1200 W 76TH ST","CHICAGO",IL,"60620","77895",41.756221771240,-87.65480041503,710200,115,115,54,33,23,5,0,1997,1995,2,,
"ILA19970060","LYNDALE PLACE","2207 N ROCKWELL ST","CHICAGO",IL,"60647","89295",41.922145843505,-87.69252014160,221500,67,67,0,3,57,7,0,1997,1995,2,,
"ILA19970080","NORMAL HAVEN APTS","6800 S NORMAL BLVD","CHICAGO",IL,"60621","91595",41.770782470703,-87.63750457763,681200,73,73,7,20,31,15,0,1997,1995,2,1,
"ILA19970090","PINE CENTRAL","557 N PINE AVE","CHICAGO",IL,"60644","80195",41.890293121337,-87.76316833496,251500,78,78,0,57,15,6,0,1997,1995,2,,
"ILA19970110","SOUTH PARK APTS","5950 S KING DR","CHICAGO",IL,"60637","95996",41.786575317382,-87.61599731445,834500,46,46,0,0,24,22,0,1997,1996,2,,
"ILA19970135","WESTWOOD PHASE II","6201 S RHODES AVE","CHICAGO",IL,"60637","TC-805-95",41.782081604003,-87.61184692382,420600,42,42,0,3,12,27,0,1997,1995,2,,
"ILA19970140","WILLARD SQUARE APTS","4901 S ST LAWRENCE AVE","CHICAGO",IL,"60615","89795",41.805801391601,-87.61113739013,843600,102,102,0,9,66,27,0,1997,1995,1,,
"ILA19980085","KEELER APTS","1251 S KEELER AVE","CHICAGO",IL,"60623","104097",41.865016937255,-87.72978210449,290900,32,32,0,4,12,13,3,1998,1997,2,,
"ILA19980100","MARQUIS APTS","6133 N KENMORE AVE","CHICAGO",IL,"60660","107097",41.993316650390,-87.65668487548,030102,71,66,48,17,1,0,0,1998,1997,2,,
"ILA19990040","LAKE GROVE VILLAGE APTS","3500 S COTTAGE GROVE AVE","CHICAGO",IL,"60653","109997",41.830940246582,-87.61073303222,360200,458,458,0,162,241,55,0,1999,1997,2,,
"ILA19990115","HOWARD THEATER","1615 W HOWARD ST","CHICAGO",IL,"60626","30998",42.019237518310,-87.67196655273,010202,40,40,12,20,8,0,0,1999,1999,2,,
"ILA19990145","WAYNE APTS","6808 N WAYNE AVE","CHICAGO",IL,"60626","113698",42.005622863769,-87.66516113281,010502,44,44,44,0,0,0,0,1999,1998,2,1,
"ILA20000025","FULLERTON COURT APTS","1543 W FULLERTON AVE","CHICAGO",IL,"60614","31599",41.925018310546,-87.66722869873,832500,196,195,0,118,68,9,0,2000,1999,2,,
"ILA20000406","SOUTH LOOP APTS","1521 S WABASH AVE","CHICAGO",IL,"60605","IL-109697",41.862098693847,-87.62548828125,330100,207,207,0,130,77,0,0,2000,1997,1,,
"ILA20010030","EVERGREEN SEDGWICK","414 W GOETHE ST","CHICAGO",IL,"60610","32801",41.905685424804,-87.63909912109,080400,84,81,0,18,34,34,0,2001,2001,2,,
"ILA20010065","HUMBOLDT RIDGE APTS-PHASE II","1800 N ST LOUIS AVE","CHICAGO",IL,"60647","121199",41.914146423339,-87.71329498291,222800,50,50,0,9,26,15,0,2001,1999,1,1,
"ILA20010070","HUMBOLDT RIDGE APTS PHASE I","1801 N ST LOUIS AVE","CHICAGO",IL,"60647","120999",41.914146423339,-87.71357727050,222700,50,50,0,9,26,15,0,2001,1999,1,1,
"ILA20010080","LAFLIN APTS","1512 W 79TH ST","CHICAGO",IL,"60620","124699",41.750541687011,-87.66167449951,710300,12,12,0,4,4,4,0,2001,1999,2,1,
"ILA20010100","NORTH TOWN VILLAGE","1311 N HALSTED ST","CHICAGO",IL,"60642","120299",41.905323028564,-87.64789581298,842200,116,78,0,48,50,14,4,2001,1999,1,1,
"ILA20010210","RUSH -BARTON","1245 S WOOD ST","CHICAGO",IL,"60608","31399",41.865699768066,-87.67108917236,842900,139,139,139,0,0,0,0,2001,1999,1,1,
"ILA20020170","SHEBA PLACE","3239 W WARREN BLVD","CHICAGO",IL,"60624","130800",41.881717681884,-87.70732879638,836900,24,24,4,8,5,7,0,2002,2000,2,1,
"ILA20030020","CORTLAND MANOR","1900 N KARLOV AVE","CHICAGO",IL,"60639","136401",41.915328979492,-87.72914123535,831200,37,37,37,37,0,0,0,2003,2001,2,,
"ILA20030040","GATEWAY CENTRE APTS","7450 N ROGERS AVE","CHICAGO",IL,"60626","134501",42.017078399658,-87.67355346679,010202,119,95,0,76,19,0,0,2003,2001,1,,
"ILA20030050","HEARTS UNITED APTS PHASE III","400 E 41ST ST","CHICAGO",IL,"60653","133601",41.820426940918,-87.61535644531,380200,53,47,0,3,35,6,3,2003,2001,1,,
"ILA20030205","WEST RIDGE SENIOR APTS","6142 N CALIFORNIA AVE","CHICAGO",IL,"60659","1332-01",41.992927551269,-87.69971466064,020702,99,79,8,83,8,0,0,2003,2001,1,,
"ILA20030900","NORTHPOINT PRESERVATION","7719 N PAULINA ST","CHICAGO",IL,"60626","35103",42.021507263183,-87.67287445068,010100,304,304,0,118,142,41,0,2003,2003,,1,
"ILA20040025","CAMPBELL TERRACE APTS","2061 N CAMPBELL AVE","CHICAGO",IL,"60647","200003",41.919265747070,-87.68897247314,221500,249,249,0,248,1,0,0,2004,2003,2,,
"ILA20040065","LAKE PARK CRESCENT-PHASE I RENTAL","1061 E 41ST PL","CHICAGO",IL,"60653","143002",41.819717407226,-87.59995269775,836400,148,148,0,36,72,39,0,2004,2002,1,,
"ILA20040165","JACKSON PARK TERRACE","6040 S HARPER AVE","CHICAGO",IL,"60637","34603",41.784954071044,-87.58837890625,420100,312,312,28,112,117,41,14,2004,2003,2,,
"ILA20040175","MONTCLARE SENIOR RESIDENCE PHASE II","6640 W BELDEN AVE","CHICAGO",IL,"60707","142002",41.921371459960,-87.79187774658,831600,181,163,0,139,42,0,0,2004,2002,1,,
"ILA20040205","THE PARKWAYS","6718 S E END AVE","CHICAGO",IL,"60649","148903",41.772712707519,-87.58386230468,430200,446,441,0,194,203,50,0,2004,2003,2,,
"ILA20050005","ROOSEVELT SQUARE I","1222 W ROOSEVELT RD","CHICAGO",IL,"60608","1525-03",41.867221832275,-87.65757751464,283200,28,31,0,4,8,0,3,2005,2003,1,,
"ILA20050055","LELAND APTS","1201 W LELAND AVE","CHICAGO",IL,"60640","148203",41.967052459716,-87.65964508056,031700,136,136,122,14,0,0,0,2005,2003,2,,
"ILA20050065","LIBERTY SQUARE","711 S INDEPENDENCE BLVD","CHICAGO",IL,"60624","150003",41.872203826904,-87.71952056884,270500,57,57,0,4,36,16,1,2005,2003,1,,
"ILA20050085","NEW VISTAS II","6909 S CRANDON AVE","CHICAGO",IL,"60649","006804",41.769718170166,-87.56966400146,430102,154,154,6,89,47,12,0,2005,2004,2,,
"ILA20050190","MAHALIA PLACE OF LEGENDS SOUTH","116 E 43RD ST","CHICAGO",IL,"60653","153203",41.816730499267,-87.62274169921,835900,110,110,0,12,66,28,4,2005,2003,1,1,
"ILA20050200","NORMAL PARKWAY HOMES","421 W MARQUETTE RD","CHICAGO",IL,"60621","148103",41.772426605224,-87.63591003417,681200,40,40,1,0,25,32,0,2005,2002,1,,
"ILA20050205","OAKWOOD SHORES 1B","38TH PL - PERSHING","CHICAGO",IL,"","142602",,,17XXXX,163,163,0,24,96,38,5,2005,2002,1,,
"ILA20060020","ROOSEVELT PLACE","1401 W ROOSEVELT RD","CHICAGO",IL,"60608","205704",41.866729736328,-87.66155242919,842900,68,61,0,61,7,0,0,2006,2003,1,,
"ILA20060035","MADDEN WELLS REDEVELOPMENT","3859 S VINCENNES AVE","CHICAGO",IL,"60653","206204",41.824527740478,-87.61220550537,360200,162,115,0,14,109,33,6,2006,2004,1,,
"ILA20060090","ST PAULS RESIDENCE","2815 W BYRON ST","CHICAGO",IL,"60618","230605",41.951995849609,-87.69877624511,160700,72,72,0,68,4,0,0,2006,2005,2,1,
"ILA20060150","CONTINENTAL PLAZA APTS","1330 W 78TH ST","CHICAGO",IL,"60620","250706",41.752422332763,-87.65725708007,710200,292,284,0,164,96,32,0,2006,2006,2,,
"ILA20060175","GREENWOOD SENIOR LIVING","801 E 61ST ST","CHICAGO",IL,"60637","231005",41.783878326416,-87.60601806640,420400,218,218,62,156,0,0,0,2006,2005,2,,
"ILA20060195","OASIS SENIOR LIVING","3833 W WASHINGTON BLVD","CHICAGO",IL,"60624","230505",41.881736755371,-87.72150421142,260100,217,217,57,160,0,0,0,2006,2005,2,1,
"ILA20060200","PALMER SQUARE APTS","2118 1/2 N KEDZIE BLVD","CHICAGO",IL,"60647","225404",41.919826507568,-87.70732116699,221100,160,160,0,112,37,11,0,2006,2004,2,,
"ILA20060225","ST LEO RESIDENCE","7750 S EMERALD AVE","CHICAGO",IL,"60620","204706",41.753379821777,-87.64311218261,710100,141,141,141,0,0,0,0,2006,2004,1,,
"ILA20060235","VICTORY CENTER OF ROSELAND","10450 S MICHIGAN AVE","CHICAGO",IL,"60628","202504",41.704139709472,-87.62084960937,490902,124,124,124,0,0,0,0,2006,2004,1,1,
"ILA20070005","65TH STREET APTS","848 E 65TH ST","CHICAGO",IL,"60637","227006",41.776943206787,-87.60381317138,420800,63,63,6,9,36,10,2,2007,2006,2,1,
"ILA20070010","AMALGAMATED SENIOR RESIDENCES","1504 W VAN BUREN ST","CHICAGO",IL,"60607","254706",41.876567840576,-87.66454315185,833100,124,123,31,92,1,0,0,2007,2006,2,,
"ILA20070075","KEYSTONE PLACE","6531 S MINERVA AVE","CHICAGO",IL,"60637","223805",41.775890350341,-87.59708404541,834400,69,62,0,9,33,18,9,2007,2005,1,1,
"ILA20070090","NORTH AVENUE REDEVELOPMENT","2634 W N AVE","CHICAGO",IL,"60647","234406",41.910488128662,-87.69334411621,240700,24,24,0,12,9,3,0,2007,2006,1,,
"ILA20070235","PIONEER VILLAGE APTS","340 E 38TH ST","CHICAGO",IL,"60653","264907",41.825794219970,-87.61782836914,839600,152,152,0,95,57,0,0,2007,2006,2,,
"ILA20070245","ROBERT TAYLOR HOMES A-1","116 E 43RD ST","CHICAGO",IL,"60653","205304",41.816730499267,-87.62274169921,835900,182,151,0,13,89,73,7,2007,2004,1,1,
"ILA20070903","SENIOR SUITES/AUBURN-GRESHAM","1050 W 79TH ST","CHICAGO",IL,"60620","235206",41.750709533691,-87.65044403076,710800,85,80,25,60,0,0,0,2007,2006,,,
"ILA20080065","MALDEN ARMS","4727 N MALDEN ST","CHICAGO",IL,"60640","272107",41.967670440673,-87.66250610351,031700,83,83,77,6,0,0,0,2008,2006,2,,
"ILA20080085","NORTH AVENUE REDEVLEOPMENT ELDERLY","2634 W N AVE","CHICAGO",IL,"60647","234406B",41.910488128662,-87.69334411621,240700,54,54,0,49,5,0,0,2008,2004,1,,
"ILA20080105","ROOSEVELT SQUARE II","1007 S THROOP","CHICAGO",IL,"60608","2349-06",41.869338989257,-87.65895843505,283200,45,45,0,19,10,0,3,2008,2006,1,,
"ILA20080120","WESTHAVEN PARK APTS IIB","122 N WOOD ST","CHICAGO",IL,"60612","244406",41.883525848388,-87.67184448242,280400,127,97,0,55,18,40,14,2008,2006,1,1,
"ILA20080125","WICKER PARK RENAISSANCE","1527 N WICKER PARK AVE","CHICAGO",IL,"60622","246506",41.908882141113,-87.67694854736,241400,61,61,57,4,0,0,0,2008,2006,2,,
"ILA20080903","COPPIN HOUSE","333 E 55TH PL","CHICAGO",IL,"60637","231706",41.793750762939,-87.61788177490,400400,54,54,0,24,10,14,6,2008,2005,1,1,
"ILA20090005","G&A SENIOR RESIDENCE AT EASTGATE VILLAGE","300 E 26TH ST","CHICAGO",IL,"60616","270607",41.845851898193,-87.61941528320,841000,118,117,0,117,0,1,0,2009,2006,1,,
"ILA20090020","OAKWOOD SHORES 2A","4TH WARD","CHICAGO",IL,"","262907",,,17XXXX,96,96,0,18,15,57,6,2009,2006,1,,
"ILA20090030","ROBERT TAYLOR HOMES C-2","4200 S PRAIRIE AVE","CHICAGO",IL,"60653","272007",41.818397521972,-87.62004852294,835900,118,95,0,12,67,35,4,2009,2006,1,1,
"ILA20090060","VICTORY CENTRE OF GALEWOOD SLF","2370 N NEWCASTLE AVE","CHICAGO",IL,"60707","245406",41.923362731933,-87.79723358154,831600,102,78,102,0,0,0,0,2009,2006,1,1,
"ILA20090901","ROSA PARKS APTS","2550 W N AVE","CHICAGO",IL,"60647","272907",41.910495758056,-87.69123840332,240600,94,94,0,8,35,46,5,2009,2005,1,,
"ILA20090905","CASA MORELOS","2013 S MORGAN ST","CHICAGO",IL,"60608","271607",41.854698181152,-87.65124511718,310300,45,45,0,12,28,5,0,2009,2006,3,,
"ILA20100905","OAKWOOD SHORES 2B-1","3754 3758 S VINCENNES AVE","CHICAGO",IL,"","295708",,,17XXXX,75,75,0,15,23,32,5,2010,2008,1,,
"ILA20100910","LEGENDS SOUTH A-2","3137 W 44TH ST","CHICAGO",IL,"60632","1007209",41.813472747802,-87.70317840576,580502,138,110,0,20,63,48,7,2010,2009,,1,
"ILA20100912","CASA MARAVILLA","2021 S MORGAN ST","CHICAGO",IL,"60608","285808",41.854522705078,-87.65123748779,310300,73,73,29,31,13,0,0,2010,2008,1,,
"ILA20100916","WRIGHTWOOD SENIOR APTS","2801 W 79TH ST","CHICAGO",IL,"60652","294708",41.749687194824,-87.69264984130,700501,85,76,5,70,10,0,0,2010,2008,1,1,
"ILA20100917","WILSON YARD APTS","1026 W MONTROSE AVE","CHICAGO",IL,"60613","223405",41.961948394775,-87.65579986572,830700,80,80,0,10,10,48,12,2010,2005,1,,
"ILA20100921","THE SENIOR SUITES OF AUTUMN GREEN AT WRIGHT","4255 N OAK PARK AVE","CHICAGO",IL,"60634","1013409",41.957939147949,-87.79746246337,170100,36,32,0,12,24,0,0,2010,2009,1,,
"ILA20110001","O'KEEFE APTS","7150 S EUCLID (SCATTERED SITES)","CHICAGO",IL,"","10342",,,17XXXX,67,67,0,20,21,23,3,2011,2010,,,
"ILA20110100","WESTHAVEN PARK APTS IIC","1910 W MAYPOLE AVE","CHICAGO",IL,"60612","286208",41.884300231933,-87.67471313476,280400,92,74,2,36,15,19,1,2011,2007,1,1,
"ILA20110905","PULLMAN WHEELWORKS","901 E 104TH ST","CHICAGO",IL,"60628","1036811",41.705501556396,-87.60141754150,500200,210,210,9,119,28,54,0,2011,2011,,,
"ILA20110906","PARKWAY GARDENS APTS","6536 S KING DR","CHICAGO",IL,"60637","IL-1055411",41.775398254394,-87.61575317382,842500,694,694,0,0,346,348,0,2011,2011,,,
"ILA20110908","MARTIN LUTHER KING APTS","3800 W 16TH ST","CHICAGO",IL,"60623","295508",41.859085083007,-87.72058105468,838700,45,45,0,27,15,3,0,2011,2008,1,,
"ILA20110916","INDEPENDENCE APTS","925 S INDEPENDENCE BLVD","CHICAGO",IL,"60624","1014709",41.869285583496,-87.71939849853,843000,42,33,0,20,16,6,0,2011,2009,,,
"ILA20110917","HOPE MANOR APTS","3453 W MADISON ST","CHICAGO",IL,"60624","1012009",41.880752563476,-87.71240997314,271400,50,50,30,0,10,10,0,2011,2009,,,
"ILA20110920","HANCOCK HOUSE","12045 S EMERALD AVE","CHICAGO",IL,"60628","294409",41.675033569335,-87.64089965820,530501,89,80,13,76,0,0,0,2011,2009,,,
"ILA20110929","CLIFTON MAGNOLIA APTS","4416 N CLIFTON AVE","CHICAGO",IL,"60640","1007009",41.962207794189,-87.65837860107,830700,59,59,0,9,29,18,3,2011,2008,2,,
"ILA20110931","WOODLAWN CENTER SOUTH APTS","6222 S COTTAGE GROVE AVE","CHICAGO",IL,"60637","1011609",41.781810760498,-87.60618591308,420500,67,60,0,22,30,15,0,2011,2009,,1,
"ILA20110933","WEST END PHASE II","2425 W ADAMS ST","CHICAGO",IL,"60612","1005910",41.878715515136,-87.68760681152,280800,112,98,0,6,17,81,8,2011,2007,1,,
"ILA20110935","VICTORY CENTER OF SOUTH CHICAGO","3251 E 92ND ST","CHICAGO",IL,"60617","287408",41.728160858154,-87.54553985595,461000,72,72,0,72,0,0,0,2011,2007,1,1,
"ILA20120001","VICEROY HOUSING APTS","1519 W WARREN BLVD","CHICAGO",IL,"60607","1030810",41.882236480712,-87.66593933105,833000,89,89,89,0,0,0,0,2012,2010,,,
"ILA20120006","NORTH & TALMAN REDEVELOPMENT III","1605 N WASHTENAW AVE","CHICAGO",IL,"60647","1030610",41.910453796386,-87.69431304931,240700,33,33,0,14,12,7,0,2012,2010,,,
"ILA20120007","RANDOLPH TOWER CITY APTS","188 W RANDOLPH ST","CHICAGO",IL,"60601","1016410",41.884635925293,-87.63362884521,839100,312,63,61,207,44,0,0,2012,2010,,1,
"ILA20120025","PAUL G STEWART IV A","400 E 41ST ST","CHICAGO",IL,"60653","1015210",41.820426940918,-87.61535644531,380200,66,66,0,0,42,21,3,2012,2008,3,1,
"ILA20120901","RENAISSANCE APTS","6105 S ELLIS AVE","CHICAGO",IL,"60637","1056311",41.784019470214,-87.60092163085,420300,117,117,11,35,48,23,0,2012,2011,2,1,
"ILA20130001","OAKWOOD SHORES 2D","615-627 E 38TH ST (SCATTERED SITES)","CHICAGO",IL,"","1048511",,,17XXXX,66,44,0,6,25,35,0,2013,2011,,,
"ILA20130002","WOODLAWN SIX APTS","","CHICAGO",IL,"","1035412",,,17XXXX,100,100,21,4,33,20,22,2013,2012,,1,
"ILA20130003","1704 N HUMBOLDT BUILDING","1704 N HUMBOLDT BLVD","CHICAGO",IL,"60647","1042011",41.912532806396,-87.70249938964,230100,28,28,0,4,15,9,0,2013,2011,,,
"ILA20130008","ST STEPHENS TERRACE APTS","2333 W JACKSON BLVD","CHICAGO",IL,"60612","1054711",41.877437591552,-87.68464660644,280900,247,221,0,37,144,66,0,2013,2011,,1,
"ILA20130825","WOODLAWN CENTER NORTH APTS","6127 S COTTAGE GROVE AVE","CHICAGO",IL,"60637","1050811",41.783538818359,-87.60578918457,420400,33,29,0,6,3,24,0,2013,2011,,1,
"ILA20130826","ZAPATA APTS","1955 N ST LOUIS AVE","CHICAGO",IL,"60647","1031211",41.916542053222,-87.71328735351,222700,61,61,0,6,31,24,0,2013,2011,,,
"ILA20140004","CONGRESS PARKWAY","261 E CONGRESS PKWY","CHICAGO",IL,"","1072512",,,17XXXX,60,60,0,16,24,20,0,2014,2012,,,
"ILA20140012","EVERGREEN TOWER I","1353 N CLEVELAND AVE","CHICAGO",IL,"60610","1070313",41.907154083252,-87.64065551757,080400,102,102,0,96,4,0,0,2014,2013,,,
"ILA20140017","LAKE STREET STUDIOS","727 W LAKE ST","CHICAGO",IL,"60661","1069012",41.885528564453,-87.64682769775,280100,61,61,61,0,0,0,0,2014,2012,,,
"ILA20170001","FARWELL JARVIS","1418 W FARWELL AVE","CHICAGO",IL,"60626","1124516",42.006870269775,-87.66645050048,010600,85,85,66,19,0,0,0,2017,2016,3,,
"ILA20180001","ANATHOTH GARDENS","34 NORTH KEELER AVE","CHICAGO",IL,"60624","1138017",41.881553649902,-87.73078918457,260300,40,40,8,30,2,0,0,2018,2017,3,,
"ILA20190008","GREENWOOD PARK APARTMENTS","1007 1157 E 47TH ST","CHICAGO",IL,"60615","1137618",41.805999755859,-87.59909820556,390500,90,90,0,13,52,25,0,2019,2018,3,,
"ILA20190012","OSO APARTMENTS","3435 W MONTROSE AVE","CHICAGO",IL,"60618","1148618",41.960971832275,-87.71443176269,160501,48,48,0,32,16,0,0,2019,2018,3,,
"ILA20190017","THRESHOLDS RAD 2","6808 N WAYNE","CHICAGO",IL,"60626","113698",42.005622863769,-87.66516113281,010502,44,44,44,0,0,0,0,2019,1998,3,,
"ILA20200005","JOHNSON & BUTLER/LINDEN APARTMENTS","6146 S KENWOOD AVE","CHICAGO",IL,"60637","1147318",41.783340454101,-87.59332275390,420200,99,99,53,40,0,6,0,2020,2018,3,,
"ILA20210004","NORTHPOINT APARTMENTS","7719 N PAULINA","CHICAGO",IL,"60626","1176820",42.021507263183,-87.67287445068,010100,0,302,0,0,0,0,0,2021,2020,2,,
"ILA20210007","ROOSEVELT ROAD VETERANS HOUSING","2920 W ROOSEVELT RD","CHICAGO",IL,"60612","1139019",41.866668701171,-87.69926452636,838600,2,90,0,0,2,0,0,2021,2019,3,,
"ILA20210009","UNIVERSAL CITY APARTMENTS","9510 SOUTH CONSTANCE AVENUE","CHICAGO",IL,"60617","007604",41.721519470214,-87.57923126220,510300,159,159,0,82,51,26,0,2021,2004,3,,
"ILB00000003","GRAND BOULEVARD RENAISSDANCE APTS","4331 S KING DR","CHICAGO",IL,"60653","66593",41.816112518310,-87.61630249023,836000,30,30,,,,,,8888,8888,,,
"ILB0000X020","4400 GROVE - 45TH AND COTTAGE","4424 S COTTAGE GROVE 210","CHICAGO",IL,"60653","8162",41.814579010009,-87.60688018798,836000,84,38,8,24,42,6,,9999,9999,1,,
"ILB0000X021","65TH INFANTRY REGIMENT VETERANS HOUSING","1045 N SACRAMENTO AVENUE","CHICAGO",IL,"60622","1115114",41.900573730468,-87.70154571533,240900,48,38,,,,,,9999,9999,,,
"ILB0000X022","ACADEMY SQUARE APARTMENTS","318 S THROOP STREET","CHICAGO",IL,"60607","1117214",41.877403259277,-87.65965270996,833100,200,,,,,,,9999,9999,,,
"ILB0000X023","ACCESS HOUSING","3549 N BELDEN","CHICAGO",IL,"60647","1106515",41.922615051269,-87.71556854248,221000,54,54,,,,,,9999,9999,,,
"ILB0000X025","BETHEL TERRACE","900 W 63RD PARKWAY","CHICAGO",IL,"60621","1142818",41.781723022460,-87.64736175537,834800,123,,,,,,,9999,9999,,,
"ILB0000X026","CAROLINE HEDGER HOUSING DEV., LLC.","6400 N SHERIDAN RD","CHICAGO",IL,"60626","TC-18-021",41.998256683349,-87.66089630126,010503,436,,,,,,,9999,9999,,,
"ILB0000X027","CARLING HOTEL","1512 N LASALLE DR","CHICAGO",IL,"60610","1123815",41.907100677490,-87.63569641113,080300,80,,,,,,,9999,9999,,,
"ILB0000X028","CENTRAL PINE PLACE - PINE","238 N PINE","CHICAGO",IL,"60644","58992",41.884826660156,-87.76352691650,251900,31,,,,,,,9999,9999,,,
"ILB0000X029","CLARENDON COURT APARTMENTS","4500 NORTH CLARENDON AVE","CHICAGO",IL,"60640","1159618",41.963687896728,-87.65017700195,031502,152,,,,,,,9999,9999,,,
"ILB0000X030","CLARK ESTES APARTMENTS, LP","1763 WEST ESTES AVENUE","CHICAGO",IL,"60626","31-206-001-000",42.011272430419,-87.67473602294,010702,54,54,15,21,18,,,9999,9999,1,,
"ILB0000X031","CLYBOURN AND DIVISION - 8135","454 W DIVISION ST","CHICAGO",IL,"60610-2870","16-001",41.903976440429,-87.64022064208,080400,,,,,,,,9999,9999,,,
"ILB0000X033","CROSSROADS OF EAST RAVENSWOOD","4206 N ASHLAND AVENUE","CHICAGO",IL,"60640","1120116",41.958118438720,-87.66941833496,060200,,,,,,,,9999,9999,,,
"ILB0000X035","DAMEN COURT APARTMENTS","2027 W ADAMS","CHICAGO",IL,"60612","1117015",41.878582000732,-87.67758941650,838000,156,,,,,,,9999,9999,,,
"ILB0000X036","EAST PARK REDEVELOPMENT LP","3300 W MAYPOLE","CHICAGO",IL,"60624","TC-17-021",41.883769989013,-87.70854949951,836800,,,,,,,,9999,9999,,,
"ILB0000X037","EVERGREEN TERRACE APARTMENTS","425 W EVERGREEN AVENUE","CHICAGO",IL,"60610","1121215",41.906341552734,-87.63954162597,080400,84,,,,,,,9999,9999,,,
"ILB0000X038","FANNIE EMANUEL APARTMENTS","3916 W WASHINGTON BL","CHICAGO",IL,"60624","TC-17-020",41.882038116455,-87.72352600097,260100,181,181,,181,,,,9999,9999,,,
"ILB0000X039","HUMBOLDT HOUSE","1819 NORTH HUMBOLDT BOULAVARD","CHICAGO",IL,"60647","1111314",41.921100616455,-87.69969940185,221300,,,,,,,,9999,9999,,,
"ILB0000X040","HUMBOLDT PARK APTS","3038-42 W NORTH AVE","CHICAGO",IL,"","46491",41.910385131835,-87.70349121093,230100,50,50,,,,,,9999,9999,,,
"ILB0000X041","J. MICHAEL FITZGERALD APARTMENTS","5801 NORTH PULASKI ROAD","CHICAGO",IL,"60646","1121316",41.986427307128,-87.72831726074,130100,63,63,,63,,,,9999,9999,,,
"ILB0000X042","KLEO ART RESIDENCES","5504 S. MICHIGAN AVENUE","CHICAGO",IL,"60637","20-15-101-008-0000",41.794345855712,-87.62266540527,400500,58,,,,,,,9999,9999,,,
"ILB0000X043","LAFAYETTE TERRACE APARTMENTS","6956 S VINCENNES AVE","CHICAGO",IL,"60621","1112615",41.767852783203,-87.62705993652,690300,93,,,40,32,21,,9999,9999,,,
"ILB0000X044","LAKE VILLAGE EAST","4700 S LAKE PARK AVENUE","CHICAGO",IL,"60615","1117315",41.809562683105,-87.59253692626,390600,218,,,,,,,9999,9999,,,
"ILB0000X045","LEGENDS SOUTH C-3","109 E 43RD STREET","CHICAGO",IL,"60653","1074713",41.816394805908,-87.62287902832,380700,71,53,,,,,,9999,9999,,,
"ILB0000X047","MARSHALL FIELD GARDEN APARTMENTS","1448 N SEDGWICK STREET","CHICAGO",IL,"60610","1117715",41.908611297607,-87.63873291015,080400,628,,,,,,,9999,9999,,,
"ILB0000X048","MARTIN LUTHER KING JR APARTMENTS","3222 W MADISON STREET","CHICAGO",IL,"60624","1084314",41.881153106689,-87.70662689208,836900,138,,,,,,,9999,9999,,,
"ILB0000X049","MCCRORY SENIOR APARTMENTS","1639 W WASHINGTON BLVD.","CHICAGO",IL,"60612","1119716",41.883140563964,-87.66787719726,838100,62,62,,48,14,,,9999,9999,,,
"ILB0000X050","MIRIAM APARTMENTS","4707 N MALDEN STREET","CHICAGO",IL,"60640","1152218",41.967308044433,-87.66245269775,031700,66,66,,66,,,,9999,9999,,,
"ILB0000X052","MONTCLARE SENIOR RESIDENCES I","6650 WEST BELDEN AVENUE","CHICAGO",IL,"60707","1108816",41.921371459960,-87.79190826416,831600,335,,,,,,,9999,9999,,,
"ILB0000X053","MORNINGSIDE NORTH APARTMENTS","170 WEST OAK STREET","CHICAGO",IL,"60610","1163119",41.900722503662,-87.63377380371,081000,256,,,255,1,,,9999,9999,,,
"ILB0000X056","NEWBERRY PARK APARTMENTS","1355 S BLUE ISLAND AVENUE","CHICAGO",IL,"60608","1112515",41.864402770996,-87.65534973144,283800,30,30,,,6,24,,9999,9999,,,
"ILB0000X057","NORTH AND PULASKI ELDERLY APARTMENT","3949 W. NORTH AVE","CHICAGO",IL,"60647","IL-13-02",41.909702301025,-87.7255859375,230700,72,,,,,,,9999,9999,,,
"ILB0000X066","PULLMAN ARTSPACE LOFTS","11137 S LANGLEY AVENUE","CHICAGO",IL,"60628","1133317",41.691871643066,-87.60578155517,500300,38,,,,,,,9999,9999,,,
"ILB0000X067","RECLAIMING SOUTHWEST CHICAGO AKA CHICAGO LAWN","6159 S MAPLEWOOD","CHICAGO",IL,"60629","1110914",41.781803131103,-87.68713378906,835000,50,,,,,,,9999,9999,,,
"ILB0000X068","SENIOR SUITES OF RAVENSWOOD MANOR","2800 W MONTROSE AVENUE","CHICAGO",IL,"60618","13-13-132-036-0000",41.961441040039,-87.69852447509,140800,81,,,,,,,9999,9999,,,
"ILB0000X069","SHOPS AND LOFTS AT 47","747 E 47TH STREET","CHICAGO",IL,"60653","IL 06P002254",41.809383392334,-87.60758209228,843600,96,,,,,,,9999,9999,,,
"ILB0000X070","SOUTHLAND VILLAGE APARTMENTS","6253 SOUTH MICHIGAN AVE","CHICAGO",IL,"60637","1152318",41.780864715576,-87.62189483642,400800,230,,,43,115,28,,9999,9999,,,
"ILB0000X071","SPAULDING AND TRUMBULL APARTMENTS","1314 S SPAULDING AVENUE","CHICAGO",IL,"60623","1310-1316",41.864299774169,-87.70825195312,841500,25,25,,,11,9,5,9999,9999,,,
"ILB0000X073","STANDARD ILLINOIS PORTFOLIO A","150 W MAPLE","CHICAGO",IL,"60610","1160218A",41.901996612548,-87.63307952880,081000,,,,,,,,9999,9999,,,
"ILB0000X074","STANDARD ILLINOIS PORTFOLIO C","1734 NORTH PAULINA STREET","CHICAGO",IL,"60622","1160218C",41.913406372070,-87.67042541503,240200,,,,,,,,9999,9999,,,
"ILB0000X075","TAYLOR STREET APARTMENTS","1342 W. TAYLOR ST","CHICAGO",IL,"60607","17-332-009-0000",41.869518280029,-87.66040802001,283200,73,29,,,,,,9999,9999,,,
"ILB0000X076","THE MARSHALL HOTEL","1232 N LASALLE DRIVE","CHICAGO",IL,"60610","1125716",41.907100677490,-87.63569641113,080300,90,,90,,,,,9999,9999,,,
"ILB0000X079","VAN BUREN APARTMENTS","2045 W JACKSON BOULEVARD","CHICAGO",IL,"60612","1109116",41.877349853515,-87.67816925048,838000,300,,,223,46,27,4,9999,9999,,,
"ILB0000X080","VILLAGES OF WESTHAVEN - 8112","110 N WOOD ST","CHICAGO",IL,"60612","16-020",41.881931304931,-87.67196655273,838100,200,,,,,,,9999,9999,,,
"ILB0000X082","WESTSIDE VILLAGE PHASE VI","3609 W. ARTHINGTON STREET","CHICAGO",IL,"60624","IL-15-005",41.869796752929,-87.71564483642,843000,52,,,16,20,16,,9999,9999,,,
"ILB19870005","1325 N SHORE ASSOC","1325 W NRTH SHR AVE","CHICAGO",IL,"60626","IL-87-006",42.003475189209,-87.66449737548,010502,31,7,,,,,,1987,1987,,,
"ILB19870010","3834 S WABASH AVE","3834 S WABASH AVE","CHICAGO",IL,"60653","IL-88-026",41.824447631835,-87.62506866455,351400,6,6,,,,,,1987,1988,,,
"ILB19870015","600 N CENTRAL ASSOC","600 N CENTRAL AVE","CHICAGO",IL,"60644","IL-87-007",41.891124725341,-87.76545715332,251400,20,20,,,,,,1987,1987,,,
"ILB19870020","7031-7047 MERRILL ASSOC","7031 S MERRILL AVE","CHICAGO",IL,"60649","IL-87-005",41.767196655273,-87.57243347167,430101,22,22,,,,,,1987,1987,,,
"ILB19870025","936 W SUNNYSIDE AVE","936 W SUNNYSIDE AVE","CHICAGO",IL,"60640","IL-87-001",41.963802337646,-87.65355682373,031502,20,20,,,,,,1987,1987,,,
"ILB19870030","BOULEVARD COMMONS","2750 W WARREN BLVD","CHICAGO",IL,"60612","IL-87-002",41.882194519043,-87.69505310058,837400,20,20,,,,,,1987,1987,,,
"ILB19870035","KEN OAK ASSOC I","1236 E 46TH ST","CHICAGO",IL,"60653","IL-87-008",41.810894012451,-87.59523010253,390100,15,15,,,,,,1987,1987,,,
"ILB19880010","16TH & HOMAN BUILDING","3354 W 16TH ST","CHICAGO",IL,"60623","IL-88-023",41.859195709228,-87.70977783203,841500,3,3,,,,,,1988,1988,,,
"ILB19880015","401-3 S KILBOURN","401 S KILBOURN AVE","CHICAGO",IL,"60624","IL-88-011",41.875110626220,-87.73751831054,260500,10,10,,,,,,1988,1988,,,
"ILB19880030","4500 S DREXEL BLVD","4500 S DREXEL BLVD","CHICAGO",IL,"60653","IL-88-042",41.813205718994,-87.60463714599,390300,26,26,,,,,,1988,1988,,,
"ILB19880035","4524 S MICHIGAN AVE","4524 S MICHIGAN AVE","CHICAGO",IL,"60653","IL-88-024",41.812465667724,-87.62312316894,380700,12,12,,,,,,1988,1988,,,
"ILB19880040","4867 N WASHTENAW AVE","4867 N WASHTENAW AVE","CHICAGO",IL,"60625","IL-88-018",41.970176696777,-87.69607543945,040201,20,16,,,,,,1988,1988,,,
"ILB19880045","5700 W WASHINGTON BLVD","5700 W WASHINGTON BLVD","CHICAGO",IL,"60644","IL-88-032",41.882366180419,-87.76816558837,252000,20,20,,,,,,1988,1988,,,
"ILB19880050","900 W WINDSOR AVE","900 W WINDSOR AVE","CHICAGO",IL,"60640","88-027",41.964641571044,-87.65347290039,031502,18,18,,,,,,1988,1987,,,
"ILB19880055","BOULEVARD COMMONS II","5417 W WASHINGTON BLVD","CHICAGO",IL,"60644","IL-88-036",41.882129669189,-87.76085662841,251900,212,212,,,,,,1988,1988,,,
"ILB19880060","CYRIL COURT APTS","7130 S CYRIL CT","CHICAGO",IL,"60649","IL-88-020",41.764995574951,-87.57711791992,430500,205,205,,,,,,1988,1987,,,
"ILB19880065","GERMANO MILLGATE","8766 S BURLEY AVE","CHICAGO",IL,"60617","IL-88-017",41.736007690429,-87.54603576660,460700,350,350,,,,,,1988,1988,,,
"ILB19880070","GUYON ASSOC","116 N PULASKI RD","CHICAGO",IL,"60624","033-88",41.882492065429,-87.72590637207,260200,114,114,,,,,,1988,1988,,,
"ILB19880075","PARKVIEW (CHICAGO)","5110 S KING DR","CHICAGO",IL,"60615","IL-88-021",41.801700592041,-87.61639404296,836100,102,100,,,,,,1988,1987,,,
"ILB19880085","SU CASA","1614 W JONQUIL TER","CHICAGO",IL,"60626","IL-88-025",42.021312713623,-87.67123413085,010100,25,25,,,,,,1988,1988,,,
"ILB19890005","1704 N HUMBOLDT BLVD","1704 N HUMBOLDT BLVD","CHICAGO",IL,"60647","IL-88-002",41.912532806396,-87.70249938964,230100,29,29,,,,,,1989,1988,,,
"ILB19890010","1530-42 N KEDZIE","1530 N KEDZIE AVE","CHICAGO",IL,"60651","IL-88-010",41.909202575683,-87.70719146728,230900,50,50,,,,,,1989,1988,,,
"ILB19890015","4441-47 S GREENWOOD","4441 S GREENWOOD AVE","CHICAGO",IL,"60653","IL-88-005",41.814235687255,-87.59913635253,390200,33,33,,,,,,1989,1988,,,
"ILB19890020","4819-21 S CALUMET","4819 S CALUMET AVE","CHICAGO",IL,"60615","IL-89-043",41.807216644287,-87.61786651611,381400,8,8,,,,,,1989,1989,,,
"ILB19890025","6126 S WOODLAWN AVE","6126 S WOODLAWN AVE","CHICAGO",IL,"60637","IL-88-012",41.783687591552,-87.59650421142,420300,35,35,,,,,,1989,1988,,,
"ILB19890030","7835 S DREXEL AVE","7835 S DREXEL AVE","CHICAGO",IL,"60619","IL-89-029",41.752494812011,-87.60257720947,691500,2,2,,,,,,1989,1989,,,
"ILB19890035","BOULEVARD COMMONS II","1499 N CENTRAL AVE","CHICAGO",IL,"60651","IL-89-009",41.907554626464,-87.76563262939,250700,19,19,,,,,,1989,1989,,,
"ILB19890040","BOULEVARD COMMONS IIA","5623 W WASHINGTON BLVD","CHICAGO",IL,"60644","IL-89-010",41.882068634033,-87.76596069335,252000,42,42,,,,,,1989,1989,,,
"ILB19890045","CIRCLE GARDEN APTS","127 N CENTRAL AVE","CHICAGO",IL,"60644","IL-88-003",41.882816314697,-87.76468658447,251900,88,88,,,,,,1989,1988,,,
"ILB19890050","ENTRE NOUS","1700 W JUNEWAY TER","CHICAGO",IL,"60626","IL-88-001",42.022697448730,-87.67309570312,010100,32,32,,,,,,1989,1988,,,
"ILB19890060","HEARTHSTONE PARTNERS II","1018 N RIDGEWAY AVE","CHICAGO",IL,"60651","IL-89-038",41.899433135986,-87.72033691406,231200,2,2,,,,,,1989,1989,,,
"ILB19890070","SUNNYSIDE APTS","850 W SUNNYSIDE AVE","CHICAGO",IL,"60640","IL-89-005",41.963829040527,-87.65142822265,031502,124,124,,,,,,1989,1989,,,
"ILB19890075","WOODLAKE VILLAGE APTS","1204 E 46TH ST","CHICAGO",IL,"60653","IL-89-030",41.810932159423,-87.59653472900,390100,70,28,,,,,,1989,1989,,,
"ILB19890080","WOODLAND PARK APTS","606 E WOODLAND PARK AVE","CHICAGO",IL,"60616","IL-88-013",41.833095550537,-87.61112976074,351000,240,48,,,,,,1989,1988,,,
"ILB19900005","146 & 419 S HAMLIN","146 S HAMLIN BLVD","CHICAGO",IL,"60624","IL-89-037",41.878730773925,-87.72096252441,260800,31,31,,,,,,1990,1989,,,
"ILB19900010","1517-19 W MARQUETTE","1517 W MARQUETTE RD","CHICAGO",IL,"60636","",41.772068023681,-87.66230010986,671600,9,9,,,,,,1990,1989,,,
"ILB19900015","4611 S DREXEL BLVD","4611 S DREXEL BLVD","CHICAGO",IL,"60653","IL-89-002",41.811096191406,-87.60370635986,390300,44,39,,,,,,1990,1989,,,
"ILB19900020","7024-32 S PAXTON","7024 S PAXTON AVE","CHICAGO",IL,"60649","IL-89-060",41.767349243164,-87.57167816162,430101,24,25,,,,,,1990,1989,,,
"ILB19900025","7500-06 S EGGLESTON","7500 S EGGLESTON AVE","CHICAGO",IL,"60620","IL-89-054",41.758060455322,-87.63594055175,691200,24,23,,,,,,1990,1989,,,
"ILB19900030","AUSTIN SHORE DEVELOPMENT","151 N LAVERGNE AVE","CHICAGO",IL,"60644","IL-89-022",41.883266448974,-87.75003051757,251800,28,28,,,,,,1990,1989,,,
"ILB19900035","AUSTIN SHORES","7117 S EUCLID AVE","CHICAGO",IL,"60649","IL-89-018",41.765502929687,-87.57787322998,430500,19,19,,,,,,1990,1989,,,
"ILB19900040","DICKENS APTS REHAB II","3621 W DICKENS AVE","CHICAGO",IL,"60647","IL-89-008",41.918952941894,-87.71757507324,220901,34,34,,,,,,1990,1989,,,
"ILB19900045","GROVE PARC PLAZA APTS","6020 S COTTAGE GROVE AVE","CHICAGO",IL,"60637","IL-88-014",41.785423278808,-87.60626983642,420500,504,504,,,,,,1990,1988,,,
"ILB19900050","MONROE/LAVERGNE","5000 W ADAMS ST","CHICAGO",IL,"60644","IL-89-025",41.878719329834,-87.74938964843,252201,52,52,,,,,,1990,1989,,,
"ILB19900055","MONTROSE WOLCOTT BUILDING","1900 W MONTROSE AVE","CHICAGO",IL,"60613","IL-89-049",41.961669921875,-87.67598724365,830800,9,9,,,,,,1990,1989,,,
"ILB19900060","NORTH PULASKI","212 N PULASKI RD","CHICAGO",IL,"60624","IL-89-014",41.883728027343,-87.72594451904,260200,30,30,,,,,,1990,1989,,,
"ILB19900065","ONE SPECTACULAR MICHIGAN","4641 S MICHIGAN AVE","CHICAGO",IL,"60653","IL-89-044",41.810432434082,-87.62264251708,381500,8,8,,,,,,1990,1989,,,
"ILB19900070","SUTHERLAND","4647 S DREXEL BLVD","CHICAGO",IL,"60653","89-003",41.809902191162,-87.60368347167,390300,157,155,,,,,,1990,1990,,,
"ILB19900075","TWO SPECTACULAR MICHIGAN","4645 S MICHIGAN AVE","CHICAGO",IL,"60653","IL-89-045",41.810359954834,-87.62264251708,381500,8,8,,,,,,1990,1989,,,
"ILB19900080","WEST WASHINGTON ASSOC","4200 W WASHINGTON BLVD","CHICAGO",IL,"60624","IL-89-016",41.882160186767,-87.73059082031,260300,49,49,,,,,,1990,1989,,,
"ILB19909001","BRONZEVILLE ASSOCIATES LP II","400 E 41ST ST","CHICAGO",IL,"60653-3071","IL-13-005",41.820426940918,-87.61535644531,380200,24,24,,,10,13,1,1990,2013,,,
"ILB19910005","5040 W WASHINGTON BLVD","5040 W WASHINGTON BLVD","CHICAGO",IL,"60644","IL-90-010",41.881912231445,-87.75130462646,251800,44,44,,,,,,1991,1990,,,
"ILB19910010","6820-30 S RIDGELAND","6820 S RIDGELAND AVE","CHICAGO",IL,"60649","IL-90-005",41.771171569824,-87.58280181884,430200,24,24,,,,,,1991,1990,,,
"ILB19910015","AFRICAN VILLAGE","400 S LARAMIE AVE","CHICAGO",IL,"60644","89-055",41.874847412109,-87.75507354736,252102,95,95,,,,,,1991,1990,,,
"ILB19910025","EDGEWATER SHORES APTS","5326 N WINTHROP AVE","CHICAGO",IL,"60640","IL-90-025",41.978752136230,-87.65766143798,030703,70,70,,,,,,1991,1990,,,
"ILB19910035","LAKESIDE SQUARE APTS","920 W LAKESIDE PL","CHICAGO",IL,"60640","IL-89-052",41.968357086181,-87.65322113037,031501,308,308,,,,,,1991,1989,,,
"ILB19910045","PINE PLACE","330 N PINE AVE","CHICAGO",IL,"60644","IL-89-058",41.886196136474,-87.76358032226,251900,42,42,,,,,,1991,1989,,,
"ILB19920005","6109-15 S INDIANA APT","6109 S INDIANA AVE","CHICAGO",IL,"60637","IL-90-027",41.783546447753,-87.62033843994,400800,16,16,,,,,,1992,1990,,,
"ILB19920010","ASHLANDS PHASES I & II","7724 N ASHLAND AVE","CHICAGO",IL,"60626","90-017",42.021865844726,-87.67086029052,010100,51,51,,,,,,1992,1991,,,
"ILB19920015","AUSTIN MUTUAL","5040 W QUINCY ST","CHICAGO",IL,"60644","90-013",41.877777099609,-87.75046539306,252201,41,41,,,,,,1992,1991,,,
"ILB19920020","CHURCHVIEW MANOR","6250 S TALMAN AVE","CHICAGO",IL,"60629","IL-90-007",41.780311584472,-87.68978118896,835000,60,60,,,,,,1992,1990,1,,
"ILB19920025","FRIENDLY TOWERS","4707 N MALDEN ST","CHICAGO",IL,"60640","90-036",41.967308044433,-87.66245269775,031700,66,66,,,,,,1992,1991,,,
"ILB19920030","LAKE PARK","4631 S LAKE PARK AVE","CHICAGO",IL,"","90-035",,,17XXXX,65,53,,,,,,1992,1991,,,
"ILB19920035","MICHIGAN MANOR","5751 S MICHIGAN AVE","CHICAGO",IL,"60637","IL-90-018",41.790096282959,-87.62211608886,400500,31,31,,,,,,1992,1990,,,
"ILB19920040","SOUTH SHORE APTS","7456 S STH SHR DR","CHICAGO",IL,"60649","90-019",41.761070251464,-87.55768585205,431400,77,77,,,,,,1992,1991,,,
"ILB19920045","SOUTH SHORE MANOR","2358 E 70TH PL","CHICAGO",IL,"60649","IL-90-011",41.767314910888,-87.56761932373,430102,33,33,,,,,,1992,1990,,,
"ILB19920050","SUNNYSIDE UPTOWN APTS","847 W SUNNYSIDE AVE","CHICAGO",IL,"60640","90-016",41.963500976562,-87.6513671875,031502,26,26,,,,,,1992,1991,,,
"ILB19930005","62ND ST DEVELOPMENT","6153 S EBERHART AVE","CHICAGO",IL,"60637","90-034",41.782966613769,-87.61303710937,420600,162,162,,,,,,1993,1991,,,
"ILB19930010","BOULEVARD APTS","1930 N HUMBOLDT BLVD","CHICAGO",IL,"60647","90-021",41.916175842285,-87.70261383056,222600,70,70,,,,,,1993,1991,,,
"ILB19930015","CORONADO APTS","1061 W ROSEMONT AVE","CHICAGO",IL,"60660","IL-92-007",41.996234893798,-87.65785980224,030104,122,122,,,,,,1993,1992,,,
"ILB19930020","EVANS-LANGLEY","727 E 50TH PL","CHICAGO",IL,"60615","91-021",41.803005218505,-87.60768890380,843600,45,45,,,,,,1993,1992,,,
"ILB19930025","HAMILTON PARK APTS","7146 S LOWE AVE","CHICAGO",IL,"60621","IL-91-024",41.764442443847,-87.64030456542,681300,30,30,,,,,,1993,1991,,,
"ILB19930030","KINGSTON APTS","7436 S KINGSTON AVE","CHICAGO",IL,"60649","91-019",41.759834289550,-87.56336975097,431302,19,19,,,,,,1993,1992,,,
"ILB19930035","MAGNOLIA ARMS","4626 N MAGNOLIA AVE","CHICAGO",IL,"60640","IL-92-002",41.965847015380,-87.66127777099,031700,70,70,,,,,,1993,1992,,,
"ILB19930040","JUNEWAY TERRACE APTS","1722 W JUNEWAY TER","CHICAGO",IL,"60626","90-029",42.022697448730,-87.67330169677,010100,28,28,,,,,,1993,1991,,,
"ILB19930050","PINE-LOTUS DEVELOPMENT","224 N PINE AVE","CHICAGO",IL,"60644","IL-91-015",41.884624481201,-87.76351928710,251900,53,46,,,,,,1993,1991,,,
"ILB19930055","SHOREWOOD","1962 E 73RD PL","CHICAGO",IL,"60649","90-032",41.761737823486,-87.57685852050,430900,115,115,,,,,,1993,1991,,,
"ILB19930060","KENWOOD OAKLAND DEVELOPMENT CORP","4746 S INGLESIDE AVE","CHICAGO",IL,"60615","90-030",41.808513641357,-87.60301971435,390400,30,30,,,,,,1993,1991,,,
"ILB19930065","SOUTHEAST LITTLE VILLAGE","3066 E 92ND ST","CHICAGO",IL,"60617","IL-91-029",41.728443145752,-87.54913330078,461000,29,29,,,,,,1993,1991,,,
"ILB19930070","TOWN & GARDEN APTS","1414 N SEDGWICK ST","CHICAGO",IL,"60610","IL-92-000",41.908206939697,-87.63871765136,080400,628,628,,,,,,1993,1992,,,
"ILB19950005","6100-08 S WABASH APTS","6100 S WABASH AVE","CHICAGO",IL,"60637","IL-TC-94-008",41.783714294433,-87.62403869628,400800,24,24,0,0,18,6,0,1995,1994,2,,
"ILB19950010","AUSTIN SQUARE","4701 W MAYPOLE AVE","CHICAGO",IL,"60644","IL-TC-93",41.884323120117,-87.74295806884,251800,166,166,44,19,57,46,0,1995,1993,2,,
"ILB19950015","EAST PARK","3250 W MAYPOLE AVE","CHICAGO",IL,"60624","IL-TC-94-009",41.883457183837,-87.70733642578,836800,152,152,152,0,0,0,0,1995,1994,1,,
"ILB19950020","HOMAN SQUARE I","750 S HOMAN AVE","CHICAGO",IL,"60624","IL-TC-94",41.871570587158,-87.71088409423,271500,50,50,0,0,30,20,0,1995,1994,2,,
"ILB19950025","HUMBOLDT PARK RESIDENCE","1152 N CHRISTIANA AVE","CHICAGO",IL,"60651","IL-TC-94-005",41.901714324951,-87.71084594726,836600,68,68,68,0,0,0,0,1995,1994,1,,
"ILB19950030","KENSINGTON COURT","4655 S LAKE PARK AVE","CHICAGO",IL,"60653","IL-TC-94-012",41.810611724853,-87.59320068359,390100,65,45,0,4,36,17,8,1995,1994,2,,
"ILB19950035","MAJOR JENKINS APTS","5012 N WINTHROP AVE","CHICAGO",IL,"60640","IL-TC-93-004",41.973510742187,-87.65795898437,031200,160,160,160,0,0,0,0,1995,1993,2,,
"ILB19950040","MENARD APTS","334 N MENARD AVE","CHICAGO",IL,"60644","IL-TC-94-006",41.886680603027,-87.77016448974,252000,57,57,57,0,0,0,0,1995,1994,2,1,
"ILB19950045","PRAIRIE APTS","6034 S PRAIRIE AVE","CHICAGO",IL,"60637","IL-TC-93-003",41.784999847412,-87.61918640136,400800,33,33,0,0,14,19,0,1995,1993,2,,
"ILB19950055","SENIOR SUITES OF BELMONT","6037 W GRAND AVE","CHICAGO",IL,"60639","IL-TC-93-009",41.920650482177,-87.77690124511,191301,86,86,76,10,0,0,0,1995,1993,1,,
"ILB19950060","SENIOR SUTIES OF GAGE PARK","3244 W 59TH ST","CHICAGO",IL,"60629","IL-TC-94-010",41.786392211914,-87.70456695556,630900,86,86,76,10,0,0,0,1995,1994,1,,
"ILB19950065","ST EDMUND'S CORNERS","5700 S MICHIGAN AVE","CHICAGO",IL,"60637","IL-TC-93-010",41.791084289550,-87.62258148193,400500,50,50,3,3,20,16,8,1995,1993,2,,
"ILB19950070","WABASH COURT","5606 S WABASH AVE","CHICAGO",IL,"60637","IL-TC-93-017",41.792785644531,-87.62423706054,400500,51,51,0,0,36,15,0,1995,1993,2,,
"ILB19950800","SENIOR SUITES OF BELMONT CRAGIN","6045 W GRAND AVE","CHICAGO",IL,"60639","TC-93-009",41.920677185058,-87.77705383300,191301,84,86,76,10,0,0,0,1995,1993,1,,
"ILB19950803","LAZARUS","3935 W 19TH ST","CHICAGO",IL,"60623","TC-94-002",41.854862213134,-87.72378540039,292400,45,45,0,4,23,19,0,1995,1994,2,,
"ILB19950804","WESTSIDE VILLAGE PHASE I","3607 W POLK ST","CHICAGO",IL,"60624","16-14-409",41.870685577392,-87.71572113037,270500,50,3,0,0,30,20,0,1995,1994,,,
"ILB19950806","EAST LAKE","4257 S KING DR","CHICAGO",IL,"60653","TC-95-013",41.817264556884,-87.61632537841,380200,65,65,20,36,9,0,0,1995,1995,,,
"ILB19960005","BELRAY APTS","3150 N RACINE AVE","CHICAGO",IL,"60657","IL-TC-95",41.939456939697,-87.65917205810,062800,70,70,70,0,0,0,0,1996,1995,2,,
"ILB19960010","EAST GARFIELD PARK PLACE","3441 W MONROE ST","CHICAGO",IL,"60624","IL-TC-95-009",41.879425048828,-87.71200561523,271400,25,25,0,6,5,14,0,1996,1995,1,,
"ILB19960015","ENGLEWOOD GARDENS","7000 S EGGLESTON AVE","CHICAGO",IL,"60621","IL-TC-95-012",41.767116546630,-87.63622283935,681200,167,167,13,70,57,27,0,1996,1995,2,,
"ILB19960020","LAZURUS PROJECT","1900 S HARDING AVE","CHICAGO",IL,"60623","IL-TC-94-002",41.854507446289,-87.72378540039,292400,48,48,0,3,24,21,0,1996,1994,2,,
"ILB19960025","NUESTRO PUEBLO APARTMETNS","901 N SACRAMENTO BLVD","CHICAGO",IL,"60622","IL-TC-94-013",41.898086547851,-87.70174407958,242700,24,24,0,0,9,12,3,1996,1994,2,,
"ILB19960030","PARKSIDE TERRACE","128 N PARKSIDE AVE","CHICAGO",IL,"60644","IL-TC-95-005",41.882934570312,-87.76677703857,252000,62,44,1,28,23,10,0,1996,1995,2,,
"ILB19960035","PAUL G STEWART APTS V","410 E BOWEN AVE","CHICAGO",IL,"60653","IL-TC-94-007",41.819499969482,-87.61622619628,380200,96,77,0,12,72,12,0,1996,1994,1,,
"ILB19960040","REBECCA WALKER COMPLEX","126 S CENTRAL AVE","CHICAGO",IL,"60644","IL-TC-94-011",41.878429412841,-87.76497650146,252101,64,57,22,18,11,10,3,1996,1994,2,,
"ILB19960045","SENIOR SUITES OF CENTRAL STATION","1400 S INDIANA AVE","CHICAGO",IL,"60605","IL-TC-95-002",41.864158630371,-87.62278747558,330100,96,96,20,76,0,0,0,1996,1995,1,,
"ILB19960050","SENIOR SUITES OF SOUTH SHORE","2345 E 67TH ST","CHICAGO",IL,"60649","81594",41.773387908935,-87.56784057617,843900,96,96,84,12,0,0,0,1996,1994,1,,
"ILB19969051","PGSB III","401 E BOWEN AVE","CHICAGO",IL,"60653-2733","IL-94-007",41.819164276123,-87.61658477783,380200,180,180,45,135,,,,1996,1994,,,
"ILB19970005","CENTRAL WOODLAWN PARTNR","6156 S UNIVERSITY AVE","CHICAGO",IL,"60637","IL-TC-95-011",41.783115386962,-87.59812164306,420300,84,84,1,19,39,16,9,1997,1995,2,,
"ILB19970015","DREXEL STREET PROPERTIES","4027 S DREXEL BLVD","CHICAGO",IL,"60653","20-02-106",41.820693969726,-87.60459136962,836400,61,61,0,14,21,11,15,1997,1995,2,,
"ILB19970025","MAE SUITES","148 N MAYFIELD AVE","CHICAGO",IL,"60644","IL-TC-96-007",41.883205413818,-87.77206420898,252000,39,39,39,0,0,0,0,1997,1996,2,,
"ILB19970030","MAYFAIR COMMONS SENIOR BLDG","4444 W LAWRENCE AVE","CHICAGO",IL,"60630","IL-TC-95-007",41.968299865722,-87.73969268798,140400,97,97,11,57,29,0,0,1997,1995,1,,
"ILB19970035","ROWAN TREES APTS","500 W ENGLEWOOD AVE","CHICAGO",IL,"60621","IL-TC-96-004",41.780948638916,-87.63753509521,834600,45,45,45,0,0,0,0,1997,1996,2,1,
"ILB19970040","WINTHROP APTS","6214 N WINTHROP AVE","CHICAGO",IL,"60660","IL-TC-96-006",41.994968414306,-87.65856933593,030103,93,93,61,32,0,0,0,1997,1996,2,,
"ILB19970800","LAWN TERRACE APTS","3214 W 63RD PL","CHICAGO",IL,"60629","TC-95-006",41.778202056884,-87.70347595214,660500,102,102,8,83,11,0,0,1997,1995,1,,
"ILB19979001","WOODLAWN MICHIGAN APARTMENTS","5630 S MICHIGAN AVE","CHICAGO",IL,"60637","TC-97-002",41.792381286621,-87.62261962890,400500,84,84,,1,55,22,6,1997,1997,2,,
"ILB19979002","GRAND BOULEVARD APTS.","410-412 E. 43RD STREET","CHICAGO",IL,"60653","IL-95-013",41.816829681396,-87.61653900146,380200,22,22,8,6,8,,,1997,1995,2,,
"ILB19980005","SENIOR SUITES OF RAVENWOOD","2800 W MONTROSE AVE","CHICAGO",IL,"60618","IL-TC-96-012",41.961441040039,-87.69852447509,140800,80,80,30,50,0,0,0,1998,1996,1,,
"ILB19980010","EVERGREEN TOWER II","1343 N CLEVELAND AVE","CHICAGO",IL,"60610","IL-97-00198-",41.906951904296,-87.64064788818,080400,101,82,0,88,13,0,0,1998,1997,1,,
"ILB19980015","FAITH RESIDENCE","5644 W WASHINGTON BLVD","CHICAGO",IL,"60644","IL-TC-96-003",41.882385253906,-87.76664733886,252000,50,50,8,21,9,8,4,1998,1996,2,,
"ILB19980020","KAVANAUGH BUILDING","9001 S COMMERCIAL AVE","CHICAGO",IL,"60617","IL-TC-96-002",41.731918334960,-87.55109405517,833900,15,15,15,0,0,0,0,1998,1996,2,,
"ILB19980025","KENWOOD OAKLAND APTS","811 E 46TH ST","CHICAGO",IL,"60653","IL-TC-96-009",41.811229705810,-87.60582733154,390300,102,102,0,4,44,54,0,1998,1996,2,,
"ILB19980035","TABERNACLE PARTNERHIP","1852 S HAMLIN AVE","CHICAGO",IL,"60623","IL-TC-96",41.855567932128,-87.72017669677,292400,42,42,0,12,21,9,0,1998,1996,2,,
"ILB19980802","SENIOR SUITES OF AUSTIN","335 N MENARD AVE","CHICAGO",IL,"60644","IL-01-008(G)",41.886642456054,-87.76972961425,252000,84,84,39,45,0,0,0,1998,1998,1,,
"ILB19980804","ST EDMUND'S PLAZA","5701 S MICHIGAN AVE","CHICAGO",IL,"60637","TC-97-021",41.791099548339,-87.62214660644,400500,65,65,0,5,30,25,5,1998,1997,2,,
"ILB19980805","ST ANDR","50 N HOYNE AVE","CHICAGO",IL,"60612","TC-97-001",41.882644653320,-87.67933654785,837800,42,42,42,0,0,0,0,1998,1997,1,,
"ILB19980807","MADISON RENAISSANCE DEVELOPMENT","5629 W MADISON ST","CHICAGO",IL,"60644","TC-96-010",41.880016326904,-87.76591491699,252101,30,30,0,1,9,16,4,1998,1996,,,
"ILB19989001","BRYN MAWR/BELLE SHORE APTS","1062 W BRYN MAWR AVE","CHICAGO",IL,"60660-4602","IL-97-020",41.983825683593,-87.65749359130,030603,371,359,336,35,0,0,0,1998,1997,,,
"ILB19989002","ST. ANDREW'S COURT","50 N HOYNE","CHICAGO",IL,"60612","17-07-326-039",41.882644653320,-87.67933654785,837800,42,42,42,,,,,1998,1997,1,,
"ILB19990030","HOMAN SQUARE IV RENTAL","908 S CENTRAL PARK AVE","CHICAGO",IL,"60624","IL-97-02015",41.869853973388,-87.71575927734,843000,18,18,0,0,12,6,0,1999,1997,1,,
"ILB19990035","HOME SQUARE RENTAL IV","921 S LAWNDALE AVE","CHICAGO",IL,"60624","IL-97-02016",41.869121551513,-87.71758270263,843000,18,18,0,0,12,6,0,1999,1997,1,,
"ILB19990040","MICHIGAN AVENUE RENNAISSANCE","5939 S MICHIGAN AVE","CHICAGO",IL,"60637","IL-97-02003",41.786521911621,-87.62203979492,834500,6,6,0,0,6,0,0,1999,1997,2,,
"ILB19990045","RUTH SHRIMAN APTS","4036 N SHERIDAN RD","CHICAGO",IL,"60613","IL-97-02019",41.955604553222,-87.65476226806,032100,82,82,12,70,0,0,0,1999,1997,1,,
"ILB19990055","TABERNACLE APTS","1861 S SPRINGFIELD AVE","CHICAGO",IL,"60623","IL-96-02014",41.855857849121,-87.72214508056,292400,13,13,0,3,6,2,2,1999,1996,2,,
"ILB19990801","WESTSIDE VILLAGE PHASE IV","3607 W POLK ST","CHICAGO",IL,"60624","16-14-316",41.870685577392,-87.71572113037,270500,108,20,0,0,72,36,0,1999,1997,,,
"ILB19990802","BRYN MAWR/BELLE SHORE APTS","5550 N KENMORE AVE","CHICAGO",IL,"60640","IL-97-02021",41.983257293701,-87.65684509277,030701,371,156,335,36,0,0,0,1999,1999,2,,
"ILB19990803","ENGLEWOOD HOUSING GROUP II","301 W MARQUETTE RD","CHICAGO",IL,"60621","TC-07-005",41.772518157959,-87.63282775878,681200,40,40,0,0,8,32,0,1999,2007,1,,
"ILB20000001","BARBARA JEAN WRIGHT COURT APTS","1354 S MORGAN ST","CHICAGO",IL,"60608","17-20-220",41.864322662353,-87.65119171142,283800,23,23,,,,,,2000,1999,,,
"ILB20000020","DAVIS APTS","3615 S MICHIGAN AVE","CHICAGO",IL,"60653","IL-01-02030",41.829170227050,-87.62299346923,351400,80,80,0,0,40,40,0,2000,1999,2,,
"ILB20000030","HEARTS UNITED APTS","746 E BOWEN AVE","CHICAGO",IL,"60653","IL-01-02057",41.819656372070,-87.60767364501,380100,116,87,0,35,46,18,17,2000,1999,1,,
"ILB20000035","PRAIRIE PARK APTS","5610 S CALUMET AVE","CHICAGO",IL,"60637","IL-98-02006",41.792675018310,-87.61772155761,400400,56,49,0,9,18,24,5,2000,1998,2,,
"ILB20000040","ROSELAND RIDGE APTS","10513 S MICHIGAN AVE","CHICAGO",IL,"60628","IL-01-02053",41.703266143798,-87.62047576904,490902,40,40,0,6,18,16,0,2000,1998,1,,
"ILB20000045","SENIOR SUTIES OF GARFIELD RIDGE","5839 S HARLEM AVE","CHICAGO",IL,"60638","IL-98-02010",41.785427093505,-87.80096435546,561000,87,87,44,43,0,0,0,2000,1999,1,,
"ILB20000050","SENIOR SUITES OF WASHINGTON HEIGHTS","848 W 103RD ST","CHICAGO",IL,"60643","IL-99-02003",41.707065582275,-87.64434814453,730600,85,85,52,33,0,0,0,2000,1999,1,,
"ILB20000801","VAN BUREN PARK APTS","2045 W JACKSON BLVD","CHICAGO",IL,"60612","IL-01-02049",41.877349853515,-87.67816925048,838000,300,299,0,223,47,27,3,2000,1999,2,,
"ILB20000802","ST. EDMUND'S VILLAGE, LLC","6253 S MICHIGAN AVE","CHICAGO",IL,"60619","TC 99-027",41.780864715576,-87.62189483642,400800,230,230,0,46,138,0,0,2000,1998,2,,
"ILB20000806","BLOOMINGDALE APTS","1745 N KEYSTONE AVE","CHICAGO",IL,"60639","IL-01-02035",41.912940979003,-87.72740173339,230500,111,110,0,79,24,8,0,2000,1999,2,,
"ILB20000807","BARBARA JEAN WRIGHT","1046 W 14TH ST","CHICAGO",IL,"60608","17-20-213",41.863613128662,-87.65251159667,283800,91,91,,,,,,2000,1999,2,,
"ILB20000808","ARCHER COURTS APTS","2220 S PRINCETON AVE","CHICAGO",IL,"60616","IL-01-02050",41.852119445800,-87.63499450683,841100,146,146,0,106,28,12,0,2000,2001,2,,
"ILB20009002","DEBORAH'S PLACE III","2822 W JACKSON BLVD","CHICAGO",IL,"60612","TC-99-005",41.877616882324,-87.69714355468,837000,90,90,90,,,,,2000,1999,2,,
"ILB20009809","BARBARA JEAN WRIGHT COURT APTS","1035 W MAXWELL ST","CHICAGO",IL,"60608","17-20-211",41.864524841308,-87.65218353271,283800,47,47,,,,,,2000,1999,,,
"ILB20009810","BELMONT SENIOR PLACE APTS","4646 W BELMONT AVE","CHICAGO",IL,"60641","IL-98-001",41.939056396484,-87.74375915527,151002,109,109,,,,,,2000,1998,,,
"ILB20010040","PROGRESSIVE SQUARE","4746 S WABASH AVE","CHICAGO",IL,"60615","IL-99-02002",41.808418273925,-87.62469482421,381400,24,24,0,0,12,12,0,2001,1999,1,,
"ILB20010045","SENIOR SUTIES OF HEGEWISCH","13550 S AVE O","CHICAGO",IL,"60633","IL-00-02000",41.648315429687,-87.54021453857,550100,84,84,39,45,0,0,0,2001,2000,1,,
"ILB20010802","ST EDMUND'S MANOR","5947 S INDIANA AVE","CHICAGO",IL,"60637","20-15-303",41.786106109619,-87.62039947509,834500,31,29,0,5,18,8,0,2001,2000,2,,
"ILB20010803","NORTH TOWN VILLAGE I","1321 N. BURLING STREET","CHICAGO",IL,"","TC-00-005",41.905464172363,-87.64709472656,842200,116,79,0,51,49,12,4,2001,2000,1,,
"ILB20010804","LA PAZ PLACE APTS","3533 W DICKENS AVE","CHICAGO",IL,"60647","IL-98-02001",41.918975830078,-87.71488952636,221000,44,44,0,7,21,13,3,2001,1998,2,,
"ILB20010805","HOLLAND","240 W 107TH PL","CHICAGO",IL,"60628","IL-99-02009",41.699043273925,-87.62969970703,491000,81,81,73,0,4,4,0,2001,2001,2,,
"ILB20010806","HIGHLANDS TUDOR MANOR","7012 S CREGIER AVE","CHICAGO",IL,"60649","36-4272610",41.767723083496,-87.58145904541,430200,87,87,46,41,0,0,0,2001,1999,2,,
"ILB20010807","BRAINERD SENIOR CENTER","8915 S LOOMIS ST","CHICAGO",IL,"60620","25-05-120",41.731674194335,-87.65784454345,730201,60,59,6,49,5,0,0,2001,1999,1,,
"ILB20019001","NTV1","1311 N HALSTED ST","CHICAGO",IL,"60642-2661","99-00310",41.905323028564,-87.64789581298,842200,348,78,0,153,147,36,12,2001,9999,,,
"ILB20019003","WESTHAVEN PARK II - A - 8120","2237 W MAYPOLE AVE","CHICAGO",IL,"60612-2645","IL-02-025",41.883815765380,-87.68247222900,837800,121,97,,9,78,29,5,2001,2002,,,
"ILB20019902","HOLLAND APARTMENTS","240 W. 107TH PLACE","CHICAGO",IL,"11111","IL-99-007",41.699043273925,-87.62969970703,491000,81,81,,,,,,2001,1999,,,
"ILB20019903","PROGRESS","4752 S WABASH AVE","CHICAGO",IL,"60615","TC-99-003",41.808311462402,-87.62468719482,381400,24,24,0,0,12,12,0,2001,1999,1,,
"ILB20020005","CASA PUEBLA","2004 S RACINE AVE","CHICAGO",IL,"60608","IL99-02006",41.854755401611,-87.65655517578,310600,83,83,12,22,26,21,2,2002,1999,2,,
"ILB20020010","HEARTS UNITED APTS PHASE II","705 E 43RD ST","CHICAGO",IL,"60653","IL02-02017",41.816642761230,-87.60903930664,836000,107,81,0,23,55,23,6,2002,2001,1,,
"ILB20020170","COTTAGE VIEW TERRACE","4829 S COTTAGE GROVE AVE","CHICAGO",IL,"60615","TC-00-020",41.807201385498,-87.60629272460,390400,97,96,0,84,6,3,4,2002,2000,1,,
"ILB20020800","SENIOR SUTIES OF JEFFERSON PARK","5400 N NW HWY","CHICAGO",IL,"60630","IL-01-008(F)",41.978317260742,-87.77448272705,110200,81,81,33,48,0,0,0,2002,2001,1,,
"ILB20020804","STONE TERRACE","8440 S PARNELL AVE","CHICAGO",IL,"60620","20-33-313",41.740619659423,-87.63787841796,710900,154,154,0,18,85,51,0,2002,2001,2,,
"ILB20020805","HERITAGE WOODS OF CHICAGO","2800 W FULTON ST","CHICAGO",IL,"60612","TC-99-028",41.886699676513,-87.69642639160,837100,110,110,110,0,0,0,0,2002,1999,1,,
"ILB20020806","NORTH TOWN VILLAGE II","1421 N. HALSTED STREET","CHICAGO",IL,"","TC-01-005",41.906974792480,-87.64792633056,842200,40,40,0,9,3,26,2,2002,2001,1,,
"ILB20020808","NUESTRO HOSAR COOPERATIVE","4101 W KAMERLING AVE","CHICAGO",IL,"60651","IL00-02003",41.905178070068,-87.72884368896,230600,31,31,0,4,15,12,0,2002,1999,2,,
"ILB20029001","IKE SIMS VILLAGE","3333 W MAYPOLE AVE","CHICAGO",IL,"60624","TC-01-021",41.883762359619,-87.70935058593,836800,200,199,0,99,81,20,0,2002,2001,2,,
"ILB20029003","STONE TERRACE APARTMENT","540 W 85TH ST","CHICAGO",IL,"60620","20-33-313-009-0000",41.739765167236,-87.63842773437,710900,156,156,,,,,,2002,2001,,,
"ILB20029004","STONE TERRACE APARTMENT","8409 S VINCENNES","CHICAGO",IL,"60620","20-33-307-007-0000",41.741428375244,-87.63799285888,710900,156,154,0,18,87,51,0,2002,2001,,,
"ILB20029005","RENAISSANCE CENTER","2800 W. FULTON","CHICAGO",IL,"60612","IL-99-028",41.886699676513,-87.69642639160,837100,110,110,110,,,,,2002,1999,1,,
"ILB20030005","ANTIOCH HOMES II","6400 S NORMAL BLVD","CHICAGO",IL,"60621","IL-99-009",41.778007507324,-87.63771057128,680900,57,57,0,0,25,32,0,2003,1999,1,,
"ILB20030010","AUBURN COMMONS APTS","1626 W 87TH ST","CHICAGO",IL,"60620","IL-00-009",41.735984802246,-87.66400146484,711200,72,72,0,72,0,0,0,2003,2002,1,,
"ILB20030020","RENAISSANCE NORTH","535 W. NORTH AVENUE","CHICAGO",IL,"60610","IL-01-022",41.910850524902,-87.64267730712,080400,59,59,6,6,41,6,0,2003,2001,1,,
"ILB20030030","SANCTUARY PLACE","626 N KEDZIE AVE","CHICAGO",IL,"60612","IL-01-002",41.892383575439,-87.70670318603,836700,69,69,63,0,0,6,0,2003,2001,1,,
"ILB20030035","SENIOR SUITES OF NEW CITY","4845 S WESTERN BLVD","CHICAGO",IL,"60609","IL-01-008",41.805557250976,-87.68357849121,611500,110,110,0,110,0,0,0,2003,2001,1,,
"ILB20030802","ROENTGEN SCHOOL (SWITCHING STATION)","15 S HOMAN AVE","CHICAGO",IL,"60624","IL-01-003",41.880741119384,-87.71079254150,271300,24,24,0,10,9,5,0,2003,2001,2,,
"ILB20030804","SOUTH PARK PLAZA","2600 S KING DR","CHICAGO",IL,"60616","IL-03-020180",41.845691680908,-87.61907958984,839200,134,134,0,2,106,22,4,2003,2003,1,,
"ILB20030806","CHURCHVIEW SUPPORTIVE LIVING","2626 W. 63RD ST.","CHICAGO",IL,"60629","TC-03-021",41.779342651367,-87.68955230712,835000,86,86,76,10,0,0,0,2003,2003,1,,
"ILB20030807","51ST & KING DRIVE APTS","5049 S KING DR","CHICAGO",IL,"60615","TC-02-021",41.809181213378,-87.61633300781,381200,96,92,0,9,55,9,23,2003,2004,2,,
"ILB20039001","51ST + KING DRIVE APARTMENTS","5049 S KING DR","CHICAGO",IL,"60615","IL-99-99",41.809181213378,-87.61633300781,381200,96,92,0,9,55,9,23,2003,2004,2,,
"ILB20039003","WHEELER HOUSE","1450 W 69TH ST","CHICAGO",IL,"60636","01-001",41.768779754638,-87.66004180908,671600,89,80,12,77,,,,2003,2001,1,,
"ILB20040015","HYDE PARK APTS","5330 S HARPER AVE","CHICAGO",IL,"60615","TC03-020",41.798858642578,-87.58928680419,410800,73,73,7,50,14,0,2,2004,2003,1,,
"ILB20040020","YALE BUILDING","6559 S YALE AVE","CHICAGO",IL,"60621","TC00-004",41.775367736816,-87.63147735595,680900,69,69,0,68,1,0,0,2004,2000,1,,
"ILB20040800","SENIOR SUITES OF WEST HUMBOLDT PARK","3656 W HURON ST","CHICAGO",IL,"60624","IL-01-008(I)",41.893787384033,-87.71788787841,231500,88,88,31,57,0,0,0,2004,2003,1,,
"ILB20040801","SENIOR SUITES OF RAINBOW BEACH","2804 E 77TH PL","CHICAGO",IL,"60649","IL-01-008(D)",41.754665374755,-87.55513763427,431400,84,84,39,45,0,0,0,2004,2003,1,,
"ILB20040805","WEST END","2663 W MADISON ST","CHICAGO",IL,"60612","TC-03-007",41.880962371826,-87.69322967529,837400,42,32,0,0,0,42,0,2004,2003,1,,
"ILB20040807","INDIANA MANOR TOWNHOMES","4324 S INDIANA AVE","CHICAGO",IL,"60653","20-10-102",41.816028594970,-87.62159729003,380700,65,65,0,6,10,40,9,2004,2002,1,,
"ILB20040810","MAYFAIR APTS","4832 S VINCENNES AVE","CHICAGO",IL,"60615","IL-00-008",41.806552886962,-87.61408233642,381200,67,67,0,23,21,16,7,2004,2000,2,,
"ILB20040908","WESTHAVEN PARK APTS IIA","1742 W MAYPOLE AVE","CHICAGO",IL,"60612","17-07-321",41.884365081787,-87.67082977294,280400,156,120,1,15,98,35,7,2004,2002,1,,
"ILB20049002","HILLIARD HOMES I","2111 S CLARK ST","CHICAGO",IL,"60616-1526","IL-02-022",41.854801177978,-87.62992858886,330200,654,324,0,412,166,54,22,2004,2002,,,
"ILB20049003","INDIANA MANOR TOWNHOMES","4324 S INDIANA","CHICAGO",IL,"60653","20-03-302-015/016",41.816028594970,-87.62159729003,380700,6,6,,,,6,,2004,2004,1,,
"ILB20049004","MADDEN WELLS PHASE 1A","3859 S VINCENNES AVE","CHICAGO",IL,"60653","TC-02-013",41.824527740478,-87.61220550537,360200,162,119,0,23,95,39,5,2004,2003,1,,
"ILB20049006","ROCKWELL GARDENS/WEST END I","2425 W. ADAMS","CHICAGO",IL,"60612","IL-03-007",41.878715515136,-87.68760681152,280800,42,32,0,0,0,42,0,2004,2003,1,,
"ILB20049009","CONCORDIA","13037 S DANIEL DR","CHICAGO",IL,"60827-1252","IL-03-022",41.658477783203,-87.61531829833,540102,137,137,12,42,57,26,0,2004,2003,,,
"ILB20049010","CONCORDIA PLACE APARTMENTS","13037 S DANIEL DR","CHICAGO",IL,"60827-1252","07155077",41.658477783203,-87.61531829833,540102,137,137,12,42,57,26,,2004,2003,,,
"ILB20049013","SENIOR SUITES HUMBOLDT PARK","3656 WEST HURON STREET","CHICAGO",IL,"60624","IL-03-003",41.893787384033,-87.71788787841,231500,88,88,31,57,,,,2004,2003,1,,
"ILB20049014","SENIOR SUITES RAINBOW BEACH","2804 EAST 77TH PLACE","CHICAGO",IL,"60649","IL-03-002",41.754665374755,-87.55513763427,431400,84,84,39,45,,,,2004,2003,1,,
"ILB20050005","PASEO BORICUA APTS","1154 N CAMPBELL AVE","CHICAGO",IL,"60622","IL-03-02030",41.902587890625,-87.68968963623,242500,36,58,0,1,2,2,0,2005,2003,1,,
"ILB20050025","SOUTH LOOP AFFORDABLE HOUSING","600 S WABASH AVE","CHICAGO",IL,"60605","IL-03-02039",41.874206542968,-87.62624359130,320600,169,169,169,0,0,0,0,2005,2002,1,,
"ILB20050205","PERSHING & STATE","3845 S STATE ST","CHICAGO",IL,"60609","17342310090000",41.824855804443,-87.62613677978,351400,80,80,0,5,3,0,0,2005,2003,1,,
"ILB20050804","WENTWORTH COMMONS","11045 S WENTWORTH AVE","CHICAGO",IL,"60628","IL-03-02071",41.693271636962,-87.62770080566,491000,51,51,24,0,9,15,3,2005,2005,1,,
"ILB20050807","ST EDMUND'S MEADOWS","6100 S MICHIGAN AVE","CHICAGO",IL,"60637","20-15-313",41.783729553222,-87.62242126464,400800,56,45,0,0,0,22,34,2005,2003,2,,
"ILB20050808","PINE RACE APTS","541 N. PINE AVENUE","CHICAGO",IL,"","TC-03-006",41.890010833740,-87.76316070556,251500,36,36,0,0,18,18,0,2005,2005,2,,
"ILB20050809","NORTH CENTER SENIOR APARTMENTS","2324 W IRVING PARK ROAD","CHICAGO",IL,"60618","TC-04-002",41.954280853271,-87.68656921386,050200,104,84,4,87,13,0,0,2005,2004,1,,
"ILB20050810","HAROLD WASHINGTON UNITY COOPERATIVE","27 N KEDZIE AVE","CHICAGO",IL,"60612","03-001",41.881996154785,-87.70594787597,836900,87,87,0,4,29,46,8,2005,2003,1,,
"ILB20050811","SENIOR SUITES CHATHAM","8300 SOUTH COTTAGE GROVE","CHICAGO",IL,"60619","IL-05-003",41.743965148925,-87.60534667968,440202,90,90,25,65,0,0,0,2005,2005,1,,
"ILB20059002","PERSHING + STATE LP","3845 S STATE ST","CHICAGO",IL,"60609","17-34-321-090-0000",41.824855804443,-87.62613677978,351400,80,80,,50,30,,,2005,2003,1,,
"ILB20059004","ROOSEVELT TOWER - I, LLC","3440 W ROSEVELT RD","CHICAGO",IL,"60624","IL-99-99",41.866516113281,-87.71151733398,843000,126,126,,126,,,,2005,1999,1,,
"ILB20059007","TERESA ROLDAN/PASEO BORICUA","1154 N. CAMPBELL AVENUE","CHICAGO",IL,"60622","IL-03-004",41.902587890625,-87.68968963623,242500,59,58,5,53,1,0,0,2005,2005,1,,
"ILB20059008","MARTHA WASHINGTON","2324 W. IRVING PARK RD.","CHICAGO",IL,"60618","IL-04-002",41.954280853271,-87.68656921386,050200,104,83,4,87,13,,,2005,2004,1,,
"ILB20059009","RENAISSANCE SAINT LUKE","1501 W. BELMONT","CHICAGO",IL,"60657","IL-04-020",41.939594268798,-87.66624450683,062700,90,72,25,25,40,0,0,2005,2004,1,,
"ILB20059904","ST. EDMUND'S MEADOWS","470 STANFORD AVE","CHICAGO",IL,"60637","TC-03-009",41.783401489257,-87.60350036621,420400,56,56,,,,,,2005,2003,,,
"ILB20060015","DREXEL JAZZ","804 E BOWEN AVE","CHICAGO",IL,"60653","20-03-316",41.819671630859,-87.60629272460,836400,39,39,0,9,9,9,3,2006,2005,1,,
"ILB20060050","WEST END 1B","208 S WESTERN AVE","CHICAGO",IL,"60612","TC-03-007",41.878513336181,-87.68666076660,280800,42,42,,,,,,2006,2003,1,,
"ILB20060803","WATER'S EDGE APTS","2717 N LEAVITT ST","CHICAGO",IL,"60647","TC05-021",41.931442260742,-87.68026733398,070700,92,91,35,56,1,0,0,2006,2005,2,,
"ILB20060804","FC CENTRAL STATION SENIOR","1251 S MICHIGAN AVE","CHICAGO",IL,"60605","04-022",41.866512298584,-87.62384033203,330100,91,91,6,85,0,0,0,2006,2004,1,,
"ILB20060805","WEST END 1B","2425 W ADAMS ST","CHICAGO",IL,"60612","TC-04-007",41.878715515136,-87.68760681152,280800,92,92,0,0,39,53,0,2006,2004,1,,
"ILB20060806","PRAISE APTS","4123 W CERMAK RD","CHICAGO",IL,"60623","TC-05-006",41.851264953613,-87.72798156738,843400,32,32,15,7,3,7,0,2006,2004,2,,
"ILB20060807","MAHALIA PLACE","116 E 43RD ST","CHICAGO",IL,"60653","20-03-115-016-0000",41.816730499267,-87.62274169921,835900,111,98,1,12,64,30,4,2006,2004,1,,
"ILB20060808","MADRES UNIDAS","1625 N DRAKE AVE","CHICAGO",IL,"60647","TC-05-004",41.910919189453,-87.71473693847,230300,36,36,0,0,10,26,0,2006,2005,1,,
"ILB20060809","HILLIARD HOMES","2031 S CLARK ST","CHICAGO",IL,"60616","TC-02-022",41.855426788330,-87.62995147705,330200,654,654,0,414,164,56,20,2006,2002,3,,
"ILB20060810","WEST HAVEN PARK TOWER/WHP PHASE IIA1","100 N HERMITAGE AVE","CHICAGO",IL,"60612","17-07-423",41.883258819580,-87.67079925537,280400,34,34,0,34,0,0,0,2006,2006,1,,
"ILB20069001","HILLIARD HOMES II","30 W CERMAK RD","CHICAGO",IL,"60616-2043","IL-05-005",41.853149414062,-87.62813568115,330200,327,326,0,207,83,27,10,2006,2005,,,
"ILB20069004","THE PARK AT CENTRAL STATION","1251 S MICHIGAN AVE","CHICAGO",IL,"60605-2408","IL-04-022",41.866512298584,-87.62384033203,330100,92,91,6,86,0,0,0,2006,2004,,,
"ILB20069006","G+A RESIDENCE AT SPAULDING","1750 N. SPAULDING AVE.","CHICAGO",IL,"60647","IL-04-004",41.912906646728,-87.71034240722,230200,35,35,,,19,16,,2006,2004,1,,
"ILB20069008","LATHROP ELDERLY DBA WATERS EDGE APTS","2717 N. LEAVITT ST","CHICAGO",IL,"60647","IL-05-021",41.931442260742,-87.68026733398,070700,92,92,35,56,1,0,0,2006,2006,2,,
"ILB20069010","ROCKWELL GARDENS JACKSON SQUARE","2425 W. ADAMS","CHICAGO",IL,"60612","IL-04-007",41.878715515136,-87.68760681152,280800,92,92,,,39,53,,2006,2004,1,,
"ILB20069012","WESTHAVEN PARK TOWERS - 8122","100 N HERMITAGE AVE","CHICAGO",IL,"60612-2663","05-002",41.883258819580,-87.67079925537,280400,34,34,0,34,0,0,0,2006,2005,,,
"ILB20069017","MOUNT VERNON MANOR","30 N. WALLER AVE #111","CHICAGO",IL,"60644","IL-04-005",41.881122589111,-87.76833343505,252000,61,60,,60,1,,,2006,2004,1,,
"ILB20069019","SENIOR SUITES BRIDGEPORT","2825 SOUTH HALSTED STREET","CHICAGO",IL,"60608","IL-04-009",41.843082427978,-87.64617919921,600400,85,85,33,52,0,0,0,2006,2005,1,,
"ILB20069903","JACKSON SQUARE","2424 W GLADYS AVE","CHICAGO",IL,"60612","04-007",41.876945495605,-87.68769073486,280800,92,92,,,,,,2006,2004,,,
"ILB20069904","MT VERNON MANOR APTS","330 N WALLER AVE","CHICAGO",IL,"60644","16-08-421-018-0000",41.886123657226,-87.76852416992,252000,61,61,,,,,,2006,2004,,,
"ILB20069905","PIONEER GARDENS SLF","3800 S KING DR","CHICAGO",IL,"60653","04-021",41.825637817382,-87.61750030517,839600,120,120,,,,,,2006,2004,,,
"ILB20070010","DEARBORN ROOT- ROBERT TAYLOR","4006 S FEDERAL ST","CHICAGO",IL,"60609","TC05-013",41.821723937988,-87.62878417968,380500,151,151,0,13,70,61,7,2007,2005,1,,
"ILB20070015","DREXEL PRESERVATION","4725 S INGLESIDE AVE","CHICAGO",IL,"60615","TC07-026",41.808803558349,-87.60257720947,390400,155,154,0,64,60,15,16,2007,2007,2,,
"ILB20070020","FOUNTAIN VIEW APTS","3718 W DOUGLAS BLVD","CHICAGO",IL,"60623","TC05-011",41.862976074218,-87.71821594238,838700,45,40,0,0,20,19,4,2007,2005,,,
"ILB20070025","HARRISON COURTS","2950 W HARRISON ST","CHICAGO",IL,"60612","TC05-022",41.873947143554,-87.69979095458,837000,123,123,42,40,41,0,0,2007,2005,2,,
"ILB20070030","JAZZ ON THE BOULEVARD","4106 MARYLAND AVE","CHICAGO",IL,"60653","TC05-007",41.820156097412,-87.60575103759,836400,39,39,0,10,17,12,0,2007,2005,1,,
"ILB20070040","LINCOLN VILLAGE SENIOR APTS","6057 N LINCOLN AVE","CHICAGO",IL,"60659","TC06-020",41.992000579834,-87.70957946777,130100,102,102,0,90,12,0,0,2007,2006,1,,
"ILB20070045","LORINGTON APTS","2630 N SPAULDING AVE","CHICAGO",IL,"60647","TC07-025",41.929374694824,-87.71109771728,220602,54,54,0,3,26,23,2,2007,2007,2,,
"ILB20070050","NEAR NORTH","1234 N CLYBOURN AVE","CHICAGO",IL,"","TC05-009",,,17XXXX,96,96,96,0,0,0,0,2007,2005,1,,
"ILB20070075","UPTOWN PRESERVATION","4431 N CLIFTON AVE","CHICAGO",IL,"60640","TC-07-021",41.962398529052,-87.65798950195,830700,77,77,12,20,32,13,0,2007,2007,2,,
"ILB20070802","LOOMIS COURTS","1314 W 15TH ST","CHICAGO",IL,"60608","TC05-023",41.861747741699,-87.65933990478,842900,126,124,0,84,42,0,0,2007,2005,2,,
"ILB20070804","WASHINGTON PARK SRO","5000 S INDIANA AVE","CHICAGO",IL,"60615","TC-06-002",41.803203582763,-87.62129211425,381800,63,63,63,0,0,0,0,2007,2006,2,,
"ILB20070805","SCHIFF R","1244 N CLYBOURN AVE","CHICAGO",IL,"60610","17-04-130-139",41.904685974121,-87.64113616943,080400,96,96,96,0,0,0,0,2007,2007,1,,
"ILB20070806","LA ESTANCIA APTS","1155 N CALIFORNIA AVE","CHICAGO",IL,"60622","TC-05-008",41.902500152587,-87.69662475585,242600,57,57,0,9,21,20,7,2007,2005,1,,
"ILB20070807","G&A SENIOR RESIDENCE AT RAVENSWOOD","1818 W PETERSON AVE","CHICAGO",IL,"60660","TC-05-024",41.990936279296,-87.67526245117,020902,187,187,16,155,16,0,0,2007,2007,1,,
"ILB20070808","ARCHER AVE. SENIOR RESIDENCES","2928 S. ARCHER AVE.","CHICAGO",IL,"60608","IL-05-010",41.841083526611,-87.65956878662,600700,55,55,0,46,9,0,0,2007,2005,1,,
"ILB20070809","ENGLEWOOD HOUSING GROUP","301 W MARQUETTE RD","CHICAGO",IL,"60621","TC-99-009",41.772518157959,-87.63282775878,681200,57,57,0,0,24,33,0,2007,1999,1,,
"ILB20078002","G+A SENIOR RESIDENCE AT RAVENSWOOD","1818 W PETERSON","CHICAGO",IL,"60660","14062250100000",41.990936279296,-87.67526245117,020902,187,187,16,155,16,,,2007,2007,1,,
"ILB20078004","PARKSIDE 4","1158 N CLEVELAND AVE","CHICAGO",IL,"60610-1712","06021",41.903053283691,-87.64141082763,838300,12,12,0,0,0,10,2,2007,2006,,,
"ILB20079001","CHARLES A BECKETT ASSOCIATES LP","400 E 41ST ST","CHICAGO",IL,"60653-3071","IL-07-020",41.820426940918,-87.61535644531,380200,420,403,69,183,168,0,0,2007,2007,,,
"ILB20079002","DREXEL COURT","837 E. 47TH ST","CHICAGO",IL,"60653","IL-07-026",41.809410095214,-87.60580444335,390400,60,60,,27,24,3,6,2007,2007,,,
"ILB20079004","HANSBERRY SQUARE OF LEGENDS SOUTH - 8142","4034 S STATE ST","CHICAGO",IL,"60609-2932","TC-05-013",41.821403503418,-87.62665557861,380500,115,100,,11,36,64,4,2007,2005,,,
"ILB20079005","LAKE PARK EAST","837 E. 47TH ST","CHICAGO",IL,"60653","07135790",41.809410095214,-87.60580444335,390400,95,95,,37,36,12,10,2007,9999,,,
"ILB20080243","PARK BLVD 1B","3506 S STATE ST","CHICAGO",IL,"60609","17334230234032",41.830757141113,-87.62683105468,351500,54,54,0,1,1,2,2,2008,2005,1,,
"ILB20080801","KOSOH HOUSING","927 W WILSON AVE","CHICAGO",IL,"60640","TC-07-021",41.965316772460,-87.65356445312,031502,77,77,12,20,32,13,0,2008,2007,2,,
"ILB20080802","SENIOR SUITES OF MARQUETTE VILLAGE","7430 S ROCKWELL ST","CHICAGO",IL,"60629","IL-07-002",41.758304595947,-87.68817901611,661000,93,93,17,76,0,0,0,2008,2007,1,,
"ILB20080810","PARKSIDE","545 W DIVISION ST","CHICAGO",IL,"60610","TC-08-2671",41.903587341308,-87.64244079589,838300,111,83,0,44,61,5,1,2008,2008,1,,
"ILB20080811","LAWNDALE BOND RESTORATION","","CHICAGO",IL,"","TC-07-029",,,17XXXX,170,170,0,3,84,63,20,2008,2007,2,,
"ILB20080813","HANSBERRY SQUARE","4036 S STATE ST","CHICAGO",IL,"60609","20-04-226",41.821380615234,-87.62665557861,380500,182,153,1,13,88,73,7,2008,2006,1,,
"ILB20080814","FOUNTAIN","3719 W DOUGLAS BLVD","CHICAGO",IL,"60623","TC-05-011",41.862190246582,-87.71820831298,838700,48,48,0,0,20,18,6,2008,2006,2,,
"ILB20087001","LAWNDALE BOND","3225 W DOUGLAS BLVD","CHICAGO",IL,"60623-1750","IL-07-029",41.862365722656,-87.70651245117,841500,170,143,0,3,83,64,20,2008,2007,,,
"ILB20087002","NTV2","709 W BLACKHAWK ST","CHICAGO",IL,"60610-1170","01-005",41.907424926757,-87.64641571044,842200,24,12,0,4,0,20,0,2008,2001,,,
"ILB20087003","PARK BOULEVARD 1B","16 W 36TH ST","CHICAGO",IL,"60609","IL-99-99",41.829345703125,-87.62717437744,351500,100,100,,,,,,2008,1999,1,,
"ILB20087004","PARKSIDE 9","545 W DIVISION ST","CHICAGO",IL,"60610-1877","06-006",41.903587341308,-87.64244079589,838300,222,88,0,88,122,10,2,2008,2006,,,
"ILB20089001","COLEMAN PLACE AT LEGENDS SOUTH - 8141","223 E 41ST ST","CHICAGO",IL,"60653-2605","IL-07-001",41.820045471191,-87.62037658691,835900,72,58,0,12,39,18,3,2008,2007,,,
"ILB20089002","GREENVIEW PALCE","1501 W MELROSE STREET","CHICAGO",IL,"60657","IL-08-020",41.940494537353,-87.66625213623,062400,105,95,99,6,0,0,0,2008,2008,1,,
"ILB20089005","SPAULDING + TRUMBULL","1310 SPAULDING","CHICAGO",IL,"11111","IL-06-003",41.864364624023,-87.70825195312,841500,25,25,0,0,11,9,5,2008,2008,2,,
"ILB20089815","CLARAS VILLAGE","2115 W 63RD","CHICAGO",IL,"60636","IL-07-022",41.779113769531,-87.67703247070,671400,52,52,,4,12,36,,2008,2007,1,,
"ILB20090801","BRITTON BUDD","501 W SURF ST","CHICAGO",IL,"60657","TC08-022",41.934143066406,-87.64176940917,063301,173,172,45,128,0,0,0,2009,2008,2,,
"ILB20090803","SENIOR SUITES OF KELVYN PARK","2715 N CICERO AVE","CHICAGO",IL,"60639","TC-07-003",41.930004119873,-87.74621582031,190900,85,85,25,60,0,0,0,2009,2007,1,,
"ILB20090808","VICTORY CENTRE OF SOUTH CHICAGO","3251 E 92ND STREET","CHICAGO",IL,"60617","TC-07-028",41.728160858154,-87.54553985595,461000,112,112,112,0,0,0,0,2009,2007,1,,
"ILB20090809","RENANSSA","3123 W DOUGLAS BLVD","CHICAGO",IL,"60623","TC-07-027",41.862369537353,-87.70399475097,843100,54,54,0,0,27,17,10,2009,2007,2,,
"ILB20090810","PARKSIDE FOUR","1333 N. KINGSBURY STREET","CHICAGO",IL,"","TC-06-021",41.905525207519,-87.64939117431,842200,72,72,0,12,25,29,6,2009,2006,1,,
"ILB20090811","RENAISSANCE ST LUKE SLF","1501 W MELROSE ST","CHICAGO",IL,"60657","TC-2508",41.940494537353,-87.66625213623,062400,107,97,99,8,0,0,0,2009,2008,1,,
"ILB20090813","COLEMAN PLACE","116 E 43RD ST","CHICAGO",IL,"60653","20-03-102",41.816730499267,-87.62274169921,835900,118,95,0,12,67,35,4,2009,2007,1,,
"ILB20096001","G+A SENIOR RESIDENCE AT EASTGATE VILLAGE","300 E 26TH ST","CHICAGO",IL,"60616","17-27-129-096-0000",41.845851898193,-87.61941528320,841000,118,105,,117,,1,,2009,2009,1,,
"ILB20096002","GREENVIEW PLACE","1501 W MELROSE","CHICAGO",IL,"60657","TC-25-08",41.940494537353,-87.66625213623,062400,107,97,99,8,0,0,0,2009,2008,1,,
"ILB20099003","WESTHAVEN PARK II - C - 8125","1939 W LAKE ST # 1949","CHICAGO",IL,"60612-2424","TC-08-008",41.884883880615,-87.67527008056,280400,92,83,,52,15,23,2,2009,2008,,,
"ILB20099814","ANTIOCH HOMES III","301 W. MARQUETTE RD","CHICAGO",IL,"60621","IL-07-005",41.772518157959,-87.63282775878,681200,40,40,,,9,31,,2009,2007,,,
"ILB20100802","KENMORE SENIOR HOUSING","5040 N KENMORE AVE","CHICAGO",IL,"60640","TC09-020",41.974216461181,-87.65657043457,031200,99,99,0,99,0,0,0,2010,2009,2,,
"ILB20100804","WILSON SENIOR","1032 W MONTROSE AVE","CHICAGO",IL,"60613-4082","IL-08-021",41.961944580078,-87.65611267089,830700,98,97,0,98,0,0,0,2010,2008,1,,
"ILB20100805","ENGLEWOOD","901 W 63RD PKWY","CHICAGO",IL,"60621","20-20-205",41.781513214111,-87.64702606201,834800,99,99,99,0,0,0,0,2010,2010,1,,
"ILB20105001","BOULEVARD COURT APARTMENT LP","1723 HUMBOLDT BLVD","CHICAGO",IL,"60647","IL-133632003500000",41.912727355957,-87.70137786865,240800,18,18,,,12,6,,2010,2010,1,,
"ILB20105002","THE SENIOR SUITES OF AUTUMN GREEN AT WRIGHT CAMPUS","4255 N OAK PARK AVENUE","CHICAGO",IL,"60634","IL-99-99",41.957939147949,-87.79746246337,170100,32,27,0,12,24,0,0,2010,2009,1,,
"ILB20105003","WILSON FAMILY","1026 W MONTROSE AVE","CHICAGO",IL,"60613-1492","08-021",41.961948394775,-87.65579986572,830700,240,79,0,27,177,36,0,2010,2008,,,
"ILB20109001","HUMBOLDT BOULEVARD COURT APARTMENTS","1723-33 HUMBOLDT BOULEVARD","CHICAGO",IL,"60647","IL-10-007",41.912727355957,-87.70137786865,240800,18,18,,,12,6,,2010,2010,1,,
"ILB20110268","SPRING GROVE APTS","4554 S DREXEL BLVD","CHICAGO",IL,"60653","1041110",41.812255859375,-87.60462951660,390300,99,99,0,23,26,26,0,2011,2010,,1,
"ILB20110803","POMEROY SENIOR","5650 N KENMORE AVE","CHICAGO",IL,"60660","TC10-023",41.984600067138,-87.65687561035,030603,105,104,0,105,0,0,0,2011,2010,2,,
"ILB20110807","PARK DOUGLAS/OGDEN NORTH","1254 S FAIRFIELD AVE","CHICAGO",IL,"60608","16-24-206",41.865085601806,-87.69482421875,843300,137,109,0,17,83,32,5,2011,2010,1,,
"ILB20110808","SAVOY SQUARE","4448 S STATE ST","CHICAGO",IL,"60609","20-04-405-039-0000",41.813911437988,-87.62648773193,835700,138,110,0,20,63,48,7,2011,2009,1,,
"ILB20110809","ROSELAND PLACE","10426 S MICHIGAN AVE","CHICAGO",IL,"60628","25-15-111-051-0000",41.704681396484,-87.62081146240,490902,60,59,0,60,0,0,0,2011,2011,1,,
"ILB20110811","HAIRPIN LOFT APTS","3414 W DIVERSEY AVE","CHICAGO",IL,"60647","IL-10-02001",41.932125091552,-87.71250152587,210602,28,25,0,12,16,0,0,2011,2010,2,,
"ILB20114001","EAST LAKE WEST END II","2425 W. ADAMS","CHICAGO",IL,"60612","TC-10-003",41.878715515136,-87.68760681152,280800,112,98,0,6,17,81,8,2011,2010,1,,
"ILB20119812","NORTH EASTWOOD SHORES APTS","850 W EASTWOOD","CHICAGO",IL,"60640","TC-10-021",41.966587066650,-87.65139007568,031501,231,69,,,,,,2011,2010,,,
"ILB20120268","PARK BLVD IIA","3622 S STATE ST","CHICAGO",IL,"60609","17334080720000",41.828136444091,-87.62674713134,351500,128,99,0,7,4,8,0,2012,2011,1,,
"ILB20120801","HAROLD WASHINGTON APTS","4944 N SHERIDAN RD","CHICAGO",IL,"60640","IL-88-006",41.972354888916,-87.65514373779,031200,69,69,65,4,0,0,0,2012,2013,2,,
"ILB20130005","BORINQUEN BELLA","1414 N WASHTENAW AVE","CHICAGO",IL,"60622","16-01-209",41.907009124755,-87.69469451904,241000,47,47,0,3,19,25,0,2013,2011,2,,
"ILB20130100","SENIOR SUITES AT MIDWAY VILLAGE","6800 S KEATING AVE","CHICAGO",IL,"60629","IL-99-99",41.77099609375,-87.74015045166,650500,89,89,9,71,9,0,0,2013,2012,1,,
"ILB20132001","BORINQUEN BELLA L.P","1451 N WASHTENAW","CHICAGO",IL,"60622","TC-11-004",41.908233642578,-87.69425201416,241000,47,47,0,3,19,25,0,2013,2011,2,,
"ILB20132002","LAKEFRONT PHASE II","1140 E 42ND PL","CHICAGO",IL,"60653","IL-TC-11-011",41.818202972412,-87.59881591796,836400,6,4,,,,6,,2013,2011,1,,
"ILB20132003","LAKEFRONT PHASE II","4130 S OAKENWALD","CHICAGO",IL,"60653","IL-TC-11-010",41.819938659668,-87.59925842285,836400,21,16,,,,21,,2013,2011,1,,
"ILB20132004","LAKEFRONT PHASE II","4131 S LAKE PARK","CHICAGO",IL,"60653","IL-TC-11-008",41.819789886474,-87.60043334960,836400,6,5,,,,6,,2013,2011,1,,
"ILB20132005","LAKEFRONT PHASE II","1060 E. 41ST ST","CHICAGO",IL,"60653","IL-TC-11-007",41.8203125,-87.60082244873,836400,81,55,,44,37,,,2013,2011,1,,
"ILB20132006","LAKEFRONT PHASE II","4143 S LAKE PARK","CHICAGO",IL,"60653","IL-TC-11-009",41.819568634033,-87.60030364990,836400,18,13,,,6,12,,2013,2011,1,,
"ILB20136002","BRONZEVILLE ASSOC SENIOR APTS LP","460 E 41ST ST","CHICAGO",IL,"60653-2758","IL-12-021",41.820430755615,-87.61388397216,380200,97,97,,97,,,,2013,2012,,,
"ILB20136003","BUFFETT PLACE","3208 N SHEFFIELD AVE","CHICAGO",IL,"60657","IL-12-001",41.940101623535,-87.65431213378,062200,51,51,51,,,,,2013,2012,2,,
"ILB20136004","PARK BOULEVARD IIB","3720 DEARBORN","CHICAGO",IL,"60609","IL-13-008",41.826972961425,-87.62797546386,351500,108,72,,42,34,30,2,2013,2013,1,,
"ILB20136005","SENIOR SUITES OF MIDWAY VILLAGE .","6800 SOUTH KEATING AVENUE","CHICAGO",IL,"60629","IL-12-002",41.77099609375,-87.74015045166,650500,89,89,9,71,9,,,2013,2012,1,,
"ILB20138101","PULLMAN SUITES SENIOR APARTMENTS","15 E. 112TH PLACE","CHICAGO",IL,"60628","IL-11-003",41.689712524414,-87.62239074707,491400,59,60,,,,,,2013,2011,,,
"ILB20140015","DARUL AMAAN","4820 N, KEDZIE","CHICAGO",IL,"60625","IL-12-003",41.968811035156,-87.70872497558,140200,56,56,2,50,4,0,0,2014,2012,1,,
"ILB20141001","HOPE MANOR II APARTMENTS","6002 S HALSTED ST","CHICAGO",IL,"60621","20-17-415-018",41.785064697265,-87.64524078369,834800,73,73,8,24,6,30,5,2014,2014,1,,
"ILB20144002","DORCHESTER ARTIST HOUSING","1456 E. 70TH STREET","CHICAGO",IL,"60637","IL-13-004",41.768013000488,-87.58889007568,430300,32,23,0,0,17,15,0,2014,2013,2,,
"ILB20147016","TOWN HALL APARTMENTS","3600 N. HALSTED","CHICAGO",IL,"60613","IL-13-002",41.947345733642,-87.64968872070,061000,79,35,,,,,,2014,2013,,,
"ILB20153001","G AND A SENIOR RESIDENCE AT KEDZIE","4054 N. KEDZIE AVE","CHICAGO",IL,"60618","IL-15-003",41.955402374267,-87.70826721191,160502,50,50,,50,,,,2015,2015,1,,
"ILB20153002","KILPATRICK RENAISSANCE","4655 W. BERTEAU AVENUE","CHICAGO",IL,"60641-2629","IL-14-001",41.956382751464,-87.74517059326,831700,98,90,38,54,6,0,0,2015,2014,1,,
"ILB20153003","THE HISTORIC STRAND","6315 S COTTAGE GROVE AVE","CHICAGO",IL,"60637-3519","IL-14-004",41.780181884765,-87.60570526123,420800,63,23,12,50,1,0,0,2015,2014,,,
"ILB20154003","SANGAMON TERRACE","6145 S SANGAMON ST","CHICAGO",IL,"60621-2003","IL-14-021",41.782203674316,-87.64828491210,834800,24,24,,24,,,,2015,2014,,,
"ILB20162001","CASA QUERETARO","2012 W 17TH ST","CHICAGO",IL,"60608","IL-14-022",41.858768463134,-87.67626190185,310900,45,45,,17,18,10,,2016,2014,1,,
"ILB20162002","HARVEST HOMES","3542-40 W. FIFTH AVE","CHICAGO",IL,"60624","IL-16-002",41.876205444335,-87.71454620361,271400,36,36,,,12,31,3,2016,2016,1,,
"ILB20162003","PARKSIDE IIB","459 W DIVISION ST","CHICAGO",IL,"60610-1789","IL-14-020",41.903575897216,-87.64047241210,838300,106,63,0,51,42,12,1,2016,2014,,,
"ILB20163001","CICERO AND GEORGE SENIOR HOUSING","4800 WEST GEORGE","CHICAGO",IL,"60641","IL-15-02",41.933536529541,-87.74694061279,190200,70,61,1,64,5,,,2016,2015,1,,
"ILB20163002","CITY GARDENS - 8116","312 S MAPLEWOOD AVE","CHICAGO",IL,"60612-2809","IL-15-006",41.877182006835,-87.69021606445,280800,76,55,,20,36,18,2,2016,2015,1,,
"ILB20165016","JEFFERY TOWERS","7020 JEFFERY BLVD","CHICAGO",IL,"60649","IL-15-021",41.767185211181,-87.57656860351,430200,135,15,54,81,,,,2016,2015,2,,
"ILB20171001","MIDWAY POINTE SENIOR RESIDENCES","5011 W. 47TH STREET","CHICAGO",IL,"60638","IL-16-005",41.807395935058,-87.74864196777,560300,95,85,0,89,6,0,0,2017,2017,1,,
"ILB20180004","MAYFAIR COMONS","4444 W. LAWRENCE AVE.","CHICAGO",IL,"60630","IL-95-007",41.968299865722,-87.73969268798,140400,97,97,11,64,22,0,0,2018,2017,2,,
"ILB20180005","NELSON MANDELA APARTMENTS","2546 W NORTH AVE","CHICAGO",IL,"60647-5216","IL-16-007",41.910495758056,-87.69116973876,240600,66,66,0,15,31,20,0,2018,2016,,,
"ILB20180009","TIERRA LINDA APARTMENTS","3572 W. PALMER","CHICAGO",IL,"60647","IL-17-02007",41.921131134033,-87.71613311767,221000,45,45,0,9,18,18,0,2018,2017,1,,
"ILB20181001","BRAINERD PARK APARTMENTS","8920 LOOMIS","CHICAGO",IL,"60620","IL-17-004",41.731601715087,-87.65827941894,730201,36,36,,8,14,10,4,2018,2017,1,,
